Rank,Quoted edge(c),Quote YES bid(c),Quote NO bid(c),Best side,Best EV(c),Best nominal EV($),Best fair side(c),Best market target(c),Best reason,YES EV(c),YES fair(c),YES fee(c),YES tox(c),YES inv(c),YES qpen(c),YES queue ahead,YES market target(c),YES reason,NO EV(c),NO fair(c),NO fee(c),NO tox(c),NO inv(c),NO qpen(c),NO queue ahead,NO market target(c),NO reason,Fair YES(c),Fair NO(c),Spread(c),YES bid(c),YES ask(c),NO bid(c),NO ask(c),YES bid size,YES ask size,NO bid size,NO ask size,Tick(c),Vol24h,OI,Hrs->Cutoff,CutoffField,CutoffUTC,Ticker,SeriesURL,SearchText,YES candidate debug,NO candidate debug
1,26.16,9.0,,YES,26.16,13.0799,39.0,9,ev_quote,26.16,39,0.14,3.7,0.0,0.0,0.0,9,ev_quote,,61,,3.0,0.0,,,73,negative_ev,39,61,14,11,25,75,89,20.0,112.0,0.0,20.0,1,830.0,604.0,16.023204053333334,close_time,2026-04-02T21:00:00Z,KXSILVERD-26APR0217-T75,https://kalshi.com/markets/kxsilverd,"Will the silver close price be above $75 on Apr 2, 2026 at 5pm EDT?",p=9.00|edge=26.16|fee=0.14|tox=3.70|inv=0.00|qpen=0.00|queue=0.00|status=ok,p=73.00|edge=-15.34|fee=0.34|tox=3.00|inv=0.00|qpen=0.00|queue=0.00|status=edge_fail; p=74.00|edge=-16.34|fee=0.34|tox=3.00|inv=0.00|qpen=0.00|queue=0.00|status=edge_fail; p=75.00|edge=-17.33|fee=0.33|tox=3.00|inv=0.00|qpen=0.00|queue=0.00|status=edge_fail; p=76.00|edge=-18.32|fee=0.32|tox=3.00|inv=0.00|qpen=0.00|queue=0.00|status=edge_fail; p=77.00|edge=-19.31|fee=0.31|tox=3.00|inv=0.00|qpen=0.00|queue=0.00|status=edge_fail; p=78.00|edge=-20.30|fee=0.30|tox=3.00|inv=0.00|qpen=0.00|queue=0.00|status=edge_fail
2,20.89,7.0,,YES,20.89,10.443,31.0,7,ev_quote,20.89,31,0.11,3.0,0.0,0.0,0.0,7,ev_quote,,69,,3.91,0.0,,,81,negative_ev,31,69,8,9,17,83,91,189.0,9.0,0.0,189.0,1,1417.0,1071.0,16.023203586666668,close_time,2026-04-02T21:00:00Z,KXGOLDD-26APR0217-T4760,https://kalshi.com/markets/kxgoldd,"Will the gold close price be above $4760 on Apr 2, 2026 at 5pm EDT?",p=7.00|edge=20.89|fee=0.11|tox=3.00|inv=0.00|qpen=0.00|queue=0.00|status=ok,p=81.00|edge=-16.18|fee=0.27|tox=3.91|inv=0.00|qpen=0.00|queue=0.00|status=edge_fail; p=82.00|edge=-17.17|fee=0.26|tox=3.91|inv=0.00|qpen=0.00|queue=0.00|status=edge_fail; p=83.00|edge=-18.16|fee=0.25|tox=3.91|inv=0.00|qpen=0.00|queue=0.00|status=edge_fail; p=84.00|edge=-19.14|fee=0.24|tox=3.91|inv=0.00|qpen=0.00|queue=0.00|status=edge_fail; p=85.00|edge=-20.13|fee=0.22|tox=3.91|inv=0.00|qpen=0.00|queue=0.00|status=edge_fail; p=86.00|edge=-21.12|fee=0.21|tox=3.91|inv=0.00|qpen=0.00|queue=0.00|status=edge_fail
3,20.58,60.0,,YES,20.58,10.29,84.0,60,ev_quote,20.58,84,0.42,3.0,0.0,0.0,0.0,60,ev_quote,,16,,3.0,0.0,,,17,negative_ev,84,16,19,62,81,19,38,30.0,30.0,0.0,30.0,1,508.0,508.0,16.02320383972222,close_time,2026-04-02T21:00:00Z,KXSILVERD-26APR0217-T71,https://kalshi.com/markets/kxsilverd,"Will the silver close price be above $71 on Apr 2, 2026 at 5pm EDT?",p=60.00|edge=20.58|fee=0.42|tox=3.00|inv=0.00|qpen=0.00|queue=0.00|status=ok,p=17.00|edge=-4.25|fee=0.25|tox=3.00|inv=0.00|qpen=0.00|queue=0.00|status=edge_fail; p=18.00|edge=-5.26|fee=0.26|tox=3.00|inv=0.00|qpen=0.00|queue=0.00|status=edge_fail; p=19.00|edge=-6.27|fee=0.27|tox=3.00|inv=0.00|qpen=0.00|queue=0.00|status=edge_fail; p=20.00|edge=-7.28|fee=0.28|tox=3.00|inv=0.00|qpen=0.00|queue=0.00|status=edge_fail; p=21.00|edge=-8.29|fee=0.29|tox=3.00|inv=0.00|qpen=0.00|queue=0.00|status=edge_fail; p=22.00|edge=-9.30|fee=0.30|tox=3.00|inv=0.00|qpen=0.00|queue=0.00|status=edge_fail
4,19.57,45.0,23.0,YES,19.57,9.7834,68.0,45,ev_quote,19.57,68,0.43,3.0,0.0,0.0,0.0,45,ev_quote,5.23,32,0.31,3.46,0.0,0.0,0.0,23,ev_quote,68,32,28,47,75,25,53,91.0,34.0,0.0,91.0,1,603.0,564.0,16.02320474,close_time,2026-04-02T21:00:00Z,KXBRENTD-26APR0217-T106.50,https://kalshi.com/markets/kxbrentd,"Will the brent crude oil close price be above $106.50 on Apr 2, 2026 at 5pm EDT?",p=45.00|edge=19.57|fee=0.43|tox=3.00|inv=0.00|qpen=0.00|queue=0.00|status=ok,p=23.00|edge=5.23|fee=0.31|tox=3.46|inv=0.00|qpen=0.00|queue=0.00|status=ok
5,16.83,,11.0,NO,16.83,8.4143,31.0,11,ev_quote,,69,,3.92,0.0,,,66,negative_ev,16.83,31,0.17,3.0,0.0,0.0,0.0,11,ev_quote,69,31,19,68,87,13,32,3.0,72.0,0.0,3.0,1,586.0,1561.0,40.02313006944444,close_time,2026-04-03T21:00:00Z,KXBRENTW-26APR0317-T105.99,https://kalshi.com/markets/kxbrentw,"Will the brent crude oil close price be above $105.99 on Apr 3, 2026 at 5pm EDT?",p=66.00|edge=-1.31|fee=0.39|tox=3.92|inv=0.00|qpen=0.00|queue=0.00|status=edge_fail; p=67.00|edge=-2.31|fee=0.39|tox=3.92|inv=0.00|qpen=0.00|queue=0.00|status=edge_fail; p=68.00|edge=-3.40|fee=0.38|tox=3.92|inv=0.00|qpen=0.10|queue=3.00|status=edge_fail; p=69.00|edge=-4.29|fee=0.37|tox=3.92|inv=0.00|qpen=0.00|queue=0.00|status=edge_fail; p=70.00|edge=-5.29|fee=0.37|tox=3.92|inv=0.00|qpen=0.00|queue=0.00|status=edge_fail; p=71.00|edge=-6.28|fee=0.36|tox=3.92|inv=0.00|qpen=0.00|queue=0.00|status=edge_fail,p=11.00|edge=16.83|fee=0.17|tox=3.00|inv=0.00|qpen=0.00|queue=0.00|status=ok
6,15.21,24.0,,YES,15.21,7.6054,43.0,24,ev_quote,15.21,43,0.32,3.47,0.0,0.0,0.0,24,ev_quote,,57,,3.0,0.0,,,54,negative_ev,43,57,18,26,44,56,74,124.0,344.0,0.0,124.0,1,593.0,1080.0,40.02312963666667,close_time,2026-04-03T21:00:00Z,KXSILVERW-26APR0317-T73.49,https://kalshi.com/markets/kxsilverw,"Will the silver close price be above $73.49 on Apr 3, 2026 at 5pm EDT?",p=24.00|edge=15.21|fee=0.32|tox=3.47|inv=0.00|qpen=0.00|queue=0.00|status=ok,p=54.00|edge=-0.43|fee=0.43|tox=3.00|inv=0.00|qpen=0.00|queue=0.00|status=edge_fail; p=55.00|edge=-1.43|fee=0.43|tox=3.00|inv=0.00|qpen=0.00|queue=0.00|status=edge_fail; p=56.00|edge=-2.43|fee=0.43|tox=3.00|inv=0.00|qpen=0.00|queue=0.00|status=edge_fail; p=57.00|edge=-3.43|fee=0.43|tox=3.00|inv=0.00|qpen=0.00|queue=0.00|status=edge_fail; p=58.00|edge=-4.43|fee=0.43|tox=3.00|inv=0.00|qpen=0.00|queue=0.00|status=edge_fail; p=59.00|edge=-5.42|fee=0.42|tox=3.00|inv=0.00|qpen=0.00|queue=0.00|status=edge_fail
7,14.67,25.0,,YES,14.67,7.3359,43.0,25,ev_quote,14.67,43,0.33,3.0,0.0,0.0,0.0,25,ev_quote,,57,,3.0,0.0,,,57,negative_ev,43,57,14,27,41,59,73,1.0,1.0,0.0,1.0,1,814.0,814.0,47.52317909222222,expected_expiration_time,2026-04-04T04:30:00Z,KXNCAAWBSPREAD-26APR03TEXUCLA-TEX4,https://kalshi.com/markets/kxncaawbspread,Texas wins by over 4.5 Points?,p=25.00|edge=14.67|fee=0.33|tox=3.00|inv=0.00|qpen=0.00|queue=0.00|status=ok,p=57.00|edge=-3.43|fee=0.43|tox=3.00|inv=0.00|qpen=0.00|queue=0.00|status=edge_fail; p=58.00|edge=-4.43|fee=0.43|tox=3.00|inv=0.00|qpen=0.00|queue=0.00|status=edge_fail; p=59.00|edge=-5.42|fee=0.42|tox=3.00|inv=0.00|qpen=0.00|queue=0.00|status=edge_fail; p=60.00|edge=-6.42|fee=0.42|tox=3.00|inv=0.00|qpen=0.00|queue=0.00|status=edge_fail; p=61.00|edge=-7.42|fee=0.42|tox=3.00|inv=0.00|qpen=0.00|queue=0.00|status=edge_fail; p=62.00|edge=-8.41|fee=0.41|tox=3.00|inv=0.00|qpen=0.00|queue=0.00|status=edge_fail
8,14.53,19.0,54.0,YES,14.53,7.2653,37.0,19,ev_quote,14.53,37,0.27,3.2,0.0,0.0,0.0,19,ev_quote,5.57,63,0.43,3.0,0.0,0.0,0.0,54,ev_quote,37,63,23,21,44,56,79,2.0,3.0,0.0,2.0,1,575.0,616.0,33.02324279333333,expected_expiration_time,2026-04-03T14:00:00Z,KXWTI-26APR03-T108.99,https://kalshi.com/markets/kxwti,"Will the WTI front-month settle oil price  be >108.99 on Apr 3, 2026?",p=19.00|edge=14.53|fee=0.27|tox=3.20|inv=0.00|qpen=0.00|queue=0.00|status=ok,p=54.00|edge=5.57|fee=0.43|tox=3.00|inv=0.00|qpen=0.00|queue=0.00|status=ok
9,13.77,65.0,4.0,YES,13.77,6.8867,83.0,65,ev_quote,13.77,83,0.4,3.83,0.0,0.0,0.0,65,ev_quote,9.93,17,0.07,3.0,0.0,0.0,0.0,4,ev_quote,83,17,27,67,94,6,33,3.0,32.0,0.0,3.0,1,1211.0,997.0,40.02313085833333,close_time,2026-04-03T21:00:00Z,KXBRENTW-26APR0317-T97.99,https://kalshi.com/markets/kxbrentw,"Will the brent crude oil close price be above $97.99 on Apr 3, 2026 at 5pm EDT?",p=65.00|edge=13.77|fee=0.40|tox=3.83|inv=0.00|qpen=0.00|queue=0.00|status=ok,p=4.00|edge=9.93|fee=0.07|tox=3.00|inv=0.00|qpen=0.00|queue=0.00|status=ok
10,13.69,,77.0,NO,13.69,6.845,94.0,77,ev_quote,,6,,3.95,0.0,,,9,negative_ev,13.69,94,0.31,3.0,0.0,0.0,0.0,77,ev_quote,6,94,10,11,21,79,89,136.0,5000.0,0.0,136.0,1,660.0,660.0,16.02321228111111,close_time,2026-04-02T21:00:00Z,KXSOLE-26APR0217-B78,https://kalshi.com/markets/kxsole,"SOL price  on Apr 2, 2026?",p=9.00|edge=-7.09|fee=0.14|tox=3.95|inv=0.00|qpen=0.00|queue=0.00|status=edge_fail; p=10.00|edge=-8.10|fee=0.16|tox=3.95|inv=0.00|qpen=0.00|queue=0.00|status=edge_fail; p=11.00|edge=-13.65|fee=0.17|tox=3.95|inv=0.00|qpen=4.53|queue=136.00|status=edge_fail; p=12.00|edge=-10.13|fee=0.18|tox=3.95|inv=0.00|qpen=0.00|queue=0.00|status=edge_fail; p=13.00|edge=-11.14|fee=0.20|tox=3.95|inv=0.00|qpen=0.00|queue=0.00|status=edge_fail; p=14.00|edge=-12.16|fee=0.21|tox=3.95|inv=0.00|qpen=0.00|queue=0.00|status=edge_fail,p=77.00|edge=13.69|fee=0.31|tox=3.00|inv=0.00|qpen=0.00|queue=0.00|status=ok
11,13.59,63.0,,YES,13.59,6.796,80.0,63,ev_quote,13.59,80,0.41,3.0,0.0,0.0,0.0,63,ev_quote,,20,,3.75,0.0,,,19,negative_ev,80,20,14,65,79,21,35,100.0,14.0,0.0,100.0,1,1647.0,1627.0,20.023172304722223,expected_expiration_time,2026-04-03T01:00:00Z,KXCS2GAME-26APR021700HWGAFDB-FDB,https://kalshi.com/markets/kxcs2game,Will Fake do Biru win the HereWeGoAgain vs. Fake do Biru CS2 match?,p=63.00|edge=13.59|fee=0.41|tox=3.00|inv=0.00|qpen=0.00|queue=0.00|status=ok,p=19.00|edge=-3.02|fee=0.27|tox=3.75|inv=0.00|qpen=0.00|queue=0.00|status=edge_fail; p=20.00|edge=-4.03|fee=0.28|tox=3.75|inv=0.00|qpen=0.00|queue=0.00|status=edge_fail; p=21.00|edge=-5.04|fee=0.29|tox=3.75|inv=0.00|qpen=0.00|queue=0.00|status=edge_fail; p=22.00|edge=-6.05|fee=0.30|tox=3.75|inv=0.00|qpen=0.00|queue=0.00|status=edge_fail; p=23.00|edge=-7.06|fee=0.31|tox=3.75|inv=0.00|qpen=0.00|queue=0.00|status=edge_fail; p=24.00|edge=-8.07|fee=0.32|tox=3.75|inv=0.00|qpen=0.00|queue=0.00|status=edge_fail
12,13.57,20.0,54.0,NO,13.57,6.7826,71.0,54,ev_quote,4.73,29,0.28,3.99,0.0,0.0,0.0,20,ev_quote,13.57,71,0.43,3.0,0.0,0.0,0.0,54,ev_quote,29,71,22,22,44,56,78,2.0,308.0,0.0,2.0,1,2009.0,1611.0,15.023201761666666,close_time,2026-04-02T20:00:00Z,KXINXU-26APR02H1600-T6549.9999,https://kalshi.com/markets/kxinxu,"Will the S&P 500 be above 6549.9999 on Apr 2, 2026 at 4pm EDT?",p=20.00|edge=4.73|fee=0.28|tox=3.99|inv=0.00|qpen=0.00|queue=0.00|status=ok,p=54.00|edge=13.57|fee=0.43|tox=3.00|inv=0.00|qpen=0.00|queue=0.00|status=ok
13,13.56,26.0,50.0,NO,13.56,6.7812,67.0,50,ev_quote,3.55,33,0.34,3.11,0.0,0.0,0.0,26,ev_quote,13.56,67,0.44,3.0,0.0,0.0,0.0,50,ev_quote,33,67,20,28,48,52,72,8.0,10.0,0.0,8.0,1,744.0,1994.0,40.023130198055554,close_time,2026-04-03T21:00:00Z,KXBRENTW-26APR0317-T109.99,https://kalshi.com/markets/kxbrentw,"Will the brent crude oil close price be above $109.99 on Apr 3, 2026 at 5pm EDT?",p=26.00|edge=3.55|fee=0.34|tox=3.11|inv=0.00|qpen=0.00|queue=0.00|status=ok,p=50.00|edge=13.56|fee=0.44|tox=3.00|inv=0.00|qpen=0.00|queue=0.00|status=ok
14,13.52,31.0,40.0,YES,13.52,6.759,48.0,31,ev_quote,13.52,48,0.37,3.11,0.0,0.0,0.0,31,ev_quote,8.58,52,0.42,3.0,0.0,0.0,0.0,40,ev_quote,48,52,25,33,58,42,67,29.0,36.0,0.0,29.0,1,1385.0,908.0,33.02323490777778,expected_expiration_time,2026-04-03T14:00:00Z,KXWTI-26APR03-T104.99,https://kalshi.com/markets/kxwti,"Will the WTI front-month settle oil price  be >104.99 on Apr 3, 2026?",p=31.00|edge=13.52|fee=0.37|tox=3.11|inv=0.00|qpen=0.00|queue=0.00|status=ok,p=40.00|edge=8.58|fee=0.42|tox=3.00|inv=0.00|qpen=0.00|queue=0.00|status=ok
15,12.93,,4.0,NO,12.93,6.4664,20.0,4,ev_quote,,80,,3.91,0.0,,,83,negative_ev,12.93,20,0.07,3.0,0.0,0.0,0.0,4,ev_quote,80,20,9,85,94,6,15,2.0,44.0,0.0,2.0,1,1365.0,1643.0,40.023131052222226,close_time,2026-04-03T21:00:00Z,KXBRENTW-26APR0317-T99.99,https://kalshi.com/markets/kxbrentw,"Will the brent crude oil close price be above $99.99 on Apr 3, 2026 at 5pm EDT?",p=83.00|edge=-7.16|fee=0.25|tox=3.91|inv=0.00|qpen=0.00|queue=0.00|status=edge_fail; p=84.00|edge=-8.15|fee=0.24|tox=3.91|inv=0.00|qpen=0.00|queue=0.00|status=edge_fail; p=85.00|edge=-9.20|fee=0.22|tox=3.91|inv=0.00|qpen=0.07|queue=2.00|status=edge_fail; p=86.00|edge=-10.12|fee=0.21|tox=3.91|inv=0.00|qpen=0.00|queue=0.00|status=edge_fail; p=87.00|edge=-11.11|fee=0.20|tox=3.91|inv=0.00|qpen=0.00|queue=0.00|status=edge_fail; p=88.00|edge=-12.10|fee=0.18|tox=3.91|inv=0.00|qpen=0.00|queue=0.00|status=edge_fail,p=4.00|edge=12.93|fee=0.07|tox=3.00|inv=0.00|qpen=0.00|queue=0.00|status=ok
16,12.72,,20.0,NO,12.72,6.36,36.0,20,ev_quote,,64,,3.83,0.0,,,60,negative_ev,12.72,36,0.28,3.0,0.0,0.0,0.0,20,ev_quote,64,36,16,62,78,22,38,3.0,32.0,0.0,3.0,1,1342.0,1076.0,33.023234710833336,expected_expiration_time,2026-04-03T14:00:00Z,KXWTI-26APR03-T102.99,https://kalshi.com/markets/kxwti,"Will the WTI front-month settle oil price  be >102.99 on Apr 3, 2026?",p=60.00|edge=-0.25|fee=0.42|tox=3.83|inv=0.00|qpen=0.00|queue=0.00|status=edge_fail; p=61.00|edge=-1.24|fee=0.42|tox=3.83|inv=0.00|qpen=0.00|queue=0.00|status=edge_fail; p=62.00|edge=-2.34|fee=0.41|tox=3.83|inv=0.00|qpen=0.10|queue=3.00|status=edge_fail; p=63.00|edge=-3.24|fee=0.41|tox=3.83|inv=0.00|qpen=0.00|queue=0.00|status=edge_fail; p=64.00|edge=-4.23|fee=0.40|tox=3.83|inv=0.00|qpen=0.00|queue=0.00|status=edge_fail; p=65.00|edge=-5.23|fee=0.40|tox=3.83|inv=0.00|qpen=0.00|queue=0.00|status=edge_fail,p=20.00|edge=12.72|fee=0.28|tox=3.00|inv=0.00|qpen=0.00|queue=0.00|status=ok
17,12.69,,23.0,NO,12.69,6.345,39.0,23,ev_quote,,61,,3.71,0.0,,,56,negative_ev,12.69,39,0.31,3.0,0.0,0.0,0.0,23,ev_quote,61,39,17,58,75,25,42,5.0,30.0,0.0,5.0,1,656.0,784.0,40.0231287675,close_time,2026-04-03T21:00:00Z,KXGOLDW-26APR0317-T4619.99,https://kalshi.com/markets/kxgoldw,"Will the gold open price be above $4619.99 on Apr 3, 2026 at 5pm EDT?",p=56.00|edge=0.85|fee=0.43|tox=3.71|inv=0.00|qpen=0.00|queue=0.00|status=edge_fail; p=57.00|edge=-0.14|fee=0.43|tox=3.71|inv=0.00|qpen=0.00|queue=0.00|status=edge_fail; p=58.00|edge=-1.31|fee=0.43|tox=3.71|inv=0.00|qpen=0.17|queue=5.00|status=edge_fail; p=59.00|edge=-2.14|fee=0.42|tox=3.71|inv=0.00|qpen=0.00|queue=0.00|status=edge_fail; p=60.00|edge=-3.13|fee=0.42|tox=3.71|inv=0.00|qpen=0.00|queue=0.00|status=edge_fail; p=61.00|edge=-4.13|fee=0.42|tox=3.71|inv=0.00|qpen=0.00|queue=0.00|status=edge_fail,p=23.00|edge=12.69|fee=0.31|tox=3.00|inv=0.00|qpen=0.00|queue=0.00|status=ok
18,12.6,,64.0,NO,12.6,6.2984,80.0,64,ev_quote,,20,,3.0,0.0,,,17,negative_ev,12.6,80,0.4,3.0,0.0,0.0,0.0,64,ev_quote,20,80,15,19,34,66,81,40.0,40.0,0.0,40.0,1,803.0,1032.0,40.02312898638888,close_time,2026-04-03T21:00:00Z,KXGOLDW-26APR0317-T4739.99,https://kalshi.com/markets/kxgoldw,"Will the gold open price be above $4739.99 on Apr 3, 2026 at 5pm EDT?",p=17.00|edge=-0.25|fee=0.25|tox=3.00|inv=0.00|qpen=0.00|queue=0.00|status=edge_fail; p=18.00|edge=-1.26|fee=0.26|tox=3.00|inv=0.00|qpen=0.00|queue=0.00|status=edge_fail; p=19.00|edge=-3.60|fee=0.27|tox=3.00|inv=0.00|qpen=1.33|queue=40.00|status=edge_fail; p=20.00|edge=-3.28|fee=0.28|tox=3.00|inv=0.00|qpen=0.00|queue=0.00|status=edge_fail; p=21.00|edge=-4.29|fee=0.29|tox=3.00|inv=0.00|qpen=0.00|queue=0.00|status=edge_fail; p=22.00|edge=-5.30|fee=0.30|tox=3.00|inv=0.00|qpen=0.00|queue=0.00|status=edge_fail,p=64.00|edge=12.60|fee=0.40|tox=3.00|inv=0.00|qpen=0.00|queue=0.00|status=ok
19,12.57,58.0,,YES,12.57,6.2869,74.0,58,ev_quote,12.57,74,0.43,3.0,0.0,0.0,0.0,58,ev_quote,,26,,3.6,0.0,,,21,negative_ev,74,26,17,60,77,23,40,40.0,10.0,0.0,40.0,1,1193.0,711.0,33.02323460972222,expected_expiration_time,2026-04-03T14:00:00Z,KXWTI-26APR03-T101.99,https://kalshi.com/markets/kxwti,"Will the WTI front-month settle oil price  be >101.99 on Apr 3, 2026?",p=58.00|edge=12.57|fee=0.43|tox=3.00|inv=0.00|qpen=0.00|queue=0.00|status=ok,p=21.00|edge=1.11|fee=0.29|tox=3.60|inv=0.00|qpen=0.00|queue=0.00|status=edge_fail; p=22.00|edge=0.10|fee=0.30|tox=3.60|inv=0.00|qpen=0.00|queue=0.00|status=edge_fail; p=23.00|edge=-0.91|fee=0.31|tox=3.60|inv=0.00|qpen=0.00|queue=0.00|status=edge_fail; p=24.00|edge=-1.92|fee=0.32|tox=3.60|inv=0.00|qpen=0.00|queue=0.00|status=edge_fail; p=25.00|edge=-2.93|fee=0.33|tox=3.60|inv=0.00|qpen=0.00|queue=0.00|status=edge_fail; p=26.00|edge=-3.94|fee=0.34|tox=3.60|inv=0.00|qpen=0.00|queue=0.00|status=edge_fail
20,12.56,,48.0,NO,12.56,6.2816,64.0,48,ev_quote,,36,,3.94,0.0,,,33,negative_ev,12.56,64,0.44,3.0,0.0,0.0,0.0,48,ev_quote,36,64,15,35,50,50,65,10.0,300.0,0.0,10.0,1,671.0,518.0,33.02324272111111,expected_expiration_time,2026-04-03T14:00:00Z,KXWTI-26APR03-T107.99,https://kalshi.com/markets/kxwti,"Will the WTI front-month settle oil price  be >107.99 on Apr 3, 2026?",p=33.00|edge=-1.32|fee=0.39|tox=3.94|inv=0.00|qpen=0.00|queue=0.00|status=edge_fail; p=34.00|edge=-2.33|fee=0.39|tox=3.94|inv=0.00|qpen=0.00|queue=0.00|status=edge_fail; p=35.00|edge=-3.67|fee=0.40|tox=3.94|inv=0.00|qpen=0.33|queue=10.00|status=edge_fail; p=36.00|edge=-4.34|fee=0.40|tox=3.94|inv=0.00|qpen=0.00|queue=0.00|status=edge_fail; p=37.00|edge=-5.34|fee=0.41|tox=3.94|inv=0.00|qpen=0.00|queue=0.00|status=edge_fail; p=38.00|edge=-6.35|fee=0.41|tox=3.94|inv=0.00|qpen=0.00|queue=0.00|status=edge_fail,p=48.00|edge=12.56|fee=0.44|tox=3.00|inv=0.00|qpen=0.00|queue=0.00|status=ok
21,12.21,71.0,3.0,YES,12.21,6.1056,87.0,71,ev_quote,12.21,87,0.36,3.43,0.0,0.0,0.0,71,ev_quote,6.95,13,0.05,3.0,0.0,0.0,0.0,3,ev_quote,87,13,22,73,95,5,27,40.0,100.0,0.0,40.0,1,716.0,716.0,23.773234162222224,expected_expiration_time,2026-04-03T04:45:00Z,KXMLBTOTAL-26APR022145NYMSF-3,https://kalshi.com/markets/kxmlbtotal,New York M vs San Francisco Total Runs?,p=71.00|edge=12.21|fee=0.36|tox=3.43|inv=0.00|qpen=0.00|queue=0.00|status=ok,p=3.00|edge=6.95|fee=0.05|tox=3.00|inv=0.00|qpen=0.00|queue=0.00|status=ok
22,11.92,11.0,,YES,11.92,5.9581,27.0,11,ev_quote,11.92,27,0.17,3.91,0.0,0.0,0.0,11,ev_quote,,73,,3.0,0.0,,,73,negative_ev,27,73,12,13,25,75,87,229.0,5000.0,0.0,229.0,1,514.0,356.0,16.023214790555556,close_time,2026-04-02T21:00:00Z,KXXRPD-26APR0217-T1.3399,https://kalshi.com/markets/kxxrpd,"Ripple price at Apr 2, 2026 at 5pm EDT?",p=11.00|edge=11.92|fee=0.17|tox=3.91|inv=0.00|qpen=0.00|queue=0.00|status=ok,p=73.00|edge=-3.34|fee=0.34|tox=3.00|inv=0.00|qpen=0.00|queue=0.00|status=edge_fail; p=74.00|edge=-4.34|fee=0.34|tox=3.00|inv=0.00|qpen=0.00|queue=0.00|status=edge_fail; p=75.00|edge=-5.33|fee=0.33|tox=3.00|inv=0.00|qpen=0.00|queue=0.00|status=edge_fail; p=76.00|edge=-6.32|fee=0.32|tox=3.00|inv=0.00|qpen=0.00|queue=0.00|status=edge_fail; p=77.00|edge=-7.31|fee=0.31|tox=3.00|inv=0.00|qpen=0.00|queue=0.00|status=edge_fail; p=78.00|edge=-8.30|fee=0.30|tox=3.00|inv=0.00|qpen=0.00|queue=0.00|status=edge_fail
23,11.75,17.0,62.0,YES,11.75,5.8765,32.0,17,ev_quote,11.75,32,0.25,3.0,0.0,0.0,0.0,17,ev_quote,2.59,68,0.41,3.0,0.0,0.0,0.0,62,ev_quote,32,68,17,19,36,64,81,10.0,10.0,0.0,10.0,1,670.0,1303.0,40.023130269166664,close_time,2026-04-03T21:00:00Z,KXBRENTW-26APR0317-T111.99,https://kalshi.com/markets/kxbrentw,"Will the brent crude oil close price be above $111.99 on Apr 3, 2026 at 5pm EDT?",p=17.00|edge=11.75|fee=0.25|tox=3.00|inv=0.00|qpen=0.00|queue=0.00|status=ok,p=62.00|edge=2.59|fee=0.41|tox=3.00|inv=0.00|qpen=0.00|queue=0.00|status=ok
24,11.61,43.0,34.0,NO,11.61,5.8037,49.0,34,ev_quote,3.72,51,0.43,3.85,0.0,0.0,0.0,43,ev_quote,11.61,49,0.39,3.0,0.0,0.0,0.0,34,ev_quote,51,49,19,45,64,36,55,9.0,112.0,0.0,9.0,1,1105.0,3507.0,40.02313013277778,close_time,2026-04-03T21:00:00Z,KXBRENTW-26APR0317-T107.99,https://kalshi.com/markets/kxbrentw,"Will the brent crude oil close price be above $107.99 on Apr 3, 2026 at 5pm EDT?",p=43.00|edge=3.72|fee=0.43|tox=3.85|inv=0.00|qpen=0.00|queue=0.00|status=ok,p=34.00|edge=11.61|fee=0.39|tox=3.00|inv=0.00|qpen=0.00|queue=0.00|status=ok
25,11.58,18.0,59.0,NO,11.58,5.7883,74.0,59,ev_quote,4.19,26,0.26,3.55,0.0,0.0,0.0,18,ev_quote,11.58,74,0.42,3.0,0.0,0.0,0.0,59,ev_quote,26,74,19,20,39,61,80,25.0,86.0,0.0,25.0,1,992.0,2620.0,40.02313033583333,close_time,2026-04-03T21:00:00Z,KXBRENTW-26APR0317-T113.99,https://kalshi.com/markets/kxbrentw,"Will the brent crude oil close price be above $113.99 on Apr 3, 2026 at 5pm EDT?",p=18.00|edge=4.19|fee=0.26|tox=3.55|inv=0.00|qpen=0.00|queue=0.00|status=ok,p=59.00|edge=11.58|fee=0.42|tox=3.00|inv=0.00|qpen=0.00|queue=0.00|status=ok
26,11.57,45.0,,YES,11.57,5.7834,60.0,45,ev_quote,11.57,60,0.43,3.0,0.0,0.0,0.0,45,ev_quote,,40,,3.69,0.0,,,37,negative_ev,60,40,14,47,61,39,53,50.0,9.0,0.0,50.0,1,3271.0,2812.0,20.023172123055556,expected_expiration_time,2026-04-03T01:00:00Z,KXCS2GAME-26APR021700R2GH-GH,https://kalshi.com/markets/kxcs2game,Will Game Hunters win the R2 Esports Club vs. Game Hunters CS2 match?,p=45.00|edge=11.57|fee=0.43|tox=3.00|inv=0.00|qpen=0.00|queue=0.00|status=ok,p=37.00|edge=-1.10|fee=0.41|tox=3.69|inv=0.00|qpen=0.00|queue=0.00|status=edge_fail; p=38.00|edge=-2.11|fee=0.41|tox=3.69|inv=0.00|qpen=0.00|queue=0.00|status=edge_fail; p=39.00|edge=-3.11|fee=0.42|tox=3.69|inv=0.00|qpen=0.00|queue=0.00|status=edge_fail; p=40.00|edge=-4.11|fee=0.42|tox=3.69|inv=0.00|qpen=0.00|queue=0.00|status=edge_fail; p=41.00|edge=-5.12|fee=0.42|tox=3.69|inv=0.00|qpen=0.00|queue=0.00|status=edge_fail; p=42.00|edge=-6.12|fee=0.43|tox=3.69|inv=0.00|qpen=0.00|queue=0.00|status=edge_fail
27,11.13,23.0,,YES,11.13,5.5673,38.0,23,ev_quote,11.13,38,0.31,3.56,0.0,0.0,0.0,23,ev_quote,,62,,3.0,0.0,,,64,negative_ev,38,62,9,25,34,66,75,2.0,7.0,0.0,2.0,1,2114.0,3630.0,23.006403219444444,close_time,2026-04-03T03:59:00Z,KXALBUMSALES-DAN-45000,https://kalshi.com/markets/kxalbumsales,"Will ADL have At Least 45000 pure album sales on the Hits Daily Double Top 50 Chart for April 2, 2026?",p=23.00|edge=11.13|fee=0.31|tox=3.56|inv=0.00|qpen=0.00|queue=0.00|status=ok,p=64.00|edge=-5.40|fee=0.40|tox=3.00|inv=0.00|qpen=0.00|queue=0.00|status=edge_fail; p=65.00|edge=-6.40|fee=0.40|tox=3.00|inv=0.00|qpen=0.00|queue=0.00|status=edge_fail; p=66.00|edge=-7.39|fee=0.39|tox=3.00|inv=0.00|qpen=0.00|queue=0.00|status=edge_fail; p=67.00|edge=-8.39|fee=0.39|tox=3.00|inv=0.00|qpen=0.00|queue=0.00|status=edge_fail; p=68.00|edge=-9.38|fee=0.38|tox=3.00|inv=0.00|qpen=0.00|queue=0.00|status=edge_fail; p=69.00|edge=-10.37|fee=0.37|tox=3.00|inv=0.00|qpen=0.00|queue=0.00|status=edge_fail
28,10.83,11.0,,YES,10.83,5.4143,25.0,11,ev_quote,10.83,25,0.17,3.0,0.0,0.0,0.0,11,ev_quote,,75,,3.9,0.0,,,74,negative_ev,25,75,11,13,24,76,87,93.0,5.0,0.0,93.0,1,2046.0,1608.0,46.023246273333335,expected_expiration_time,2026-04-04T03:00:00Z,KXNBAGAME-26APR03UTAHOU-UTA,https://kalshi.com/markets/kxnbagame,Utah at Houston Winner?,p=11.00|edge=10.83|fee=0.17|tox=3.00|inv=0.00|qpen=0.00|queue=0.00|status=ok,p=74.00|edge=-3.23|fee=0.34|tox=3.90|inv=0.00|qpen=0.00|queue=0.00|status=edge_fail; p=75.00|edge=-4.23|fee=0.33|tox=3.90|inv=0.00|qpen=0.00|queue=0.00|status=edge_fail; p=76.00|edge=-5.22|fee=0.32|tox=3.90|inv=0.00|qpen=0.00|queue=0.00|status=edge_fail; p=77.00|edge=-6.21|fee=0.31|tox=3.90|inv=0.00|qpen=0.00|queue=0.00|status=edge_fail; p=78.00|edge=-7.20|fee=0.30|tox=3.90|inv=0.00|qpen=0.00|queue=0.00|status=edge_fail; p=79.00|edge=-8.19|fee=0.29|tox=3.90|inv=0.00|qpen=0.00|queue=0.00|status=edge_fail
29,10.66,26.0,,YES,10.66,5.3316,40.0,26,ev_quote,10.66,40,0.34,3.0,0.0,0.0,0.0,26,ev_quote,,60,,3.85,0.0,,,58,negative_ev,40,60,12,28,40,60,72,162.0,13.0,0.0,162.0,1,8105.0,7308.0,15.023201666666665,close_time,2026-04-02T20:00:00Z,KXINXU-26APR02H1600-T6499.9999,https://kalshi.com/markets/kxinxu,"Will the S&P 500 be above 6499.9999 on Apr 2, 2026 at 4pm EDT?",p=26.00|edge=10.66|fee=0.34|tox=3.00|inv=0.00|qpen=0.00|queue=0.00|status=ok,p=58.00|edge=-2.28|fee=0.43|tox=3.85|inv=0.00|qpen=0.00|queue=0.00|status=edge_fail; p=59.00|edge=-3.27|fee=0.42|tox=3.85|inv=0.00|qpen=0.00|queue=0.00|status=edge_fail; p=60.00|edge=-4.27|fee=0.42|tox=3.85|inv=0.00|qpen=0.00|queue=0.00|status=edge_fail; p=61.00|edge=-5.27|fee=0.42|tox=3.85|inv=0.00|qpen=0.00|queue=0.00|status=edge_fail; p=62.00|edge=-6.26|fee=0.41|tox=3.85|inv=0.00|qpen=0.00|queue=0.00|status=edge_fail; p=63.00|edge=-7.26|fee=0.41|tox=3.85|inv=0.00|qpen=0.00|queue=0.00|status=edge_fail
30,10.62,68.0,10.0,YES,10.62,5.3096,82.0,68,ev_quote,10.62,82,0.38,3.0,0.0,0.0,0.0,68,ev_quote,4.77,18,0.16,3.07,0.0,0.0,0.0,10,ev_quote,82,18,18,70,88,12,30,93.0,81.0,0.0,93.0,1,774.0,774.0,23.68990024361111,expected_expiration_time,2026-04-03T04:40:00Z,KXMLBTOTAL-26APR022140ATLAZ-5,https://kalshi.com/markets/kxmlbtotal,Atlanta vs Arizona Total Runs?,p=68.00|edge=10.62|fee=0.38|tox=3.00|inv=0.00|qpen=0.00|queue=0.00|status=ok,p=10.00|edge=4.77|fee=0.16|tox=3.07|inv=0.00|qpen=0.00|queue=0.00|status=ok
31,9.92,5.0,76.0,YES,9.92,4.9584,18.0,5,ev_quote,9.92,18,0.08,3.0,0.0,0.0,0.0,5,ev_quote,2.68,82,0.32,3.0,0.0,0.0,0.0,76,ev_quote,18,82,15,7,22,78,93,33.0,33.0,0.0,33.0,1,1217.0,1217.0,17.023167876666665,expected_expiration_time,2026-04-02T22:00:00Z,KXPGAR1TOP10-VATO26-BHAR,https://kalshi.com/markets/kxpgar1top10,Valero Texas Open: Will Brian Harman finish top 10 in Round 1?,p=5.00|edge=9.92|fee=0.08|tox=3.00|inv=0.00|qpen=0.00|queue=0.00|status=ok,p=76.00|edge=2.68|fee=0.32|tox=3.00|inv=0.00|qpen=0.00|queue=0.00|status=ok
32,9.82,12.0,,YES,9.82,4.9076,25.0,12,ev_quote,9.82,25,0.18,3.0,0.0,0.0,0.0,12,ev_quote,,75,,3.46,0.0,,,73,negative_ev,25,75,11,14,25,75,86,30.0,11.0,0.0,30.0,1,702.0,716.0,20.02317239222222,expected_expiration_time,2026-04-03T01:00:00Z,KXCS2GAME-26APR021700HWGAFDB-HWGA,https://kalshi.com/markets/kxcs2game,Will HereWeGoAgain win the HereWeGoAgain vs. Fake do Biru CS2 match?,p=12.00|edge=9.82|fee=0.18|tox=3.00|inv=0.00|qpen=0.00|queue=0.00|status=ok,p=73.00|edge=-1.81|fee=0.34|tox=3.46|inv=0.00|qpen=0.00|queue=0.00|status=edge_fail; p=74.00|edge=-2.80|fee=0.34|tox=3.46|inv=0.00|qpen=0.00|queue=0.00|status=edge_fail; p=75.00|edge=-3.79|fee=0.33|tox=3.46|inv=0.00|qpen=0.00|queue=0.00|status=edge_fail; p=76.00|edge=-4.78|fee=0.32|tox=3.46|inv=0.00|qpen=0.00|queue=0.00|status=edge_fail; p=77.00|edge=-5.77|fee=0.31|tox=3.46|inv=0.00|qpen=0.00|queue=0.00|status=edge_fail; p=78.00|edge=-6.76|fee=0.30|tox=3.46|inv=0.00|qpen=0.00|queue=0.00|status=edge_fail
33,9.64,71.0,,YES,9.64,4.8198,84.0,71,ev_quote,9.64,84,0.36,3.0,0.0,0.0,0.0,71,ev_quote,,16,,3.42,0.0,,,13,negative_ev,84,16,12,73,85,15,27,27.0,11.0,0.0,27.0,1,851.0,817.0,46.02324573361111,expected_expiration_time,2026-04-04T03:00:00Z,KXNBAGAME-26APR03BOSMIL-BOS,https://kalshi.com/markets/kxnbagame,Boston at Milwaukee Winner?,p=71.00|edge=9.64|fee=0.36|tox=3.00|inv=0.00|qpen=0.00|queue=0.00|status=ok,p=13.00|edge=-0.62|fee=0.20|tox=3.42|inv=0.00|qpen=0.00|queue=0.00|status=edge_fail; p=14.00|edge=-1.63|fee=0.21|tox=3.42|inv=0.00|qpen=0.00|queue=0.00|status=edge_fail; p=15.00|edge=-2.64|fee=0.22|tox=3.42|inv=0.00|qpen=0.00|queue=0.00|status=edge_fail; p=16.00|edge=-3.66|fee=0.24|tox=3.42|inv=0.00|qpen=0.00|queue=0.00|status=edge_fail; p=17.00|edge=-4.67|fee=0.25|tox=3.42|inv=0.00|qpen=0.00|queue=0.00|status=edge_fail; p=18.00|edge=-5.68|fee=0.26|tox=3.42|inv=0.00|qpen=0.00|queue=0.00|status=edge_fail
34,8.79,14.0,,YES,8.79,4.3947,26.0,14,ev_quote,8.79,26,0.21,3.0,0.0,0.0,0.0,14,ev_quote,,74,,3.54,0.0,,,70,negative_ev,26,74,12,16,28,72,84,10.0,3.0,0.0,10.0,1,1704.0,3634.0,40.02313044472223,close_time,2026-04-03T21:00:00Z,KXBRENTW-26APR0317-T115.99,https://kalshi.com/markets/kxbrentw,"Will the brent crude oil close price be above $115.99 on Apr 3, 2026 at 5pm EDT?",p=14.00|edge=8.79|fee=0.21|tox=3.00|inv=0.00|qpen=0.00|queue=0.00|status=ok,p=70.00|edge=0.09|fee=0.37|tox=3.54|inv=0.00|qpen=0.00|queue=0.00|status=edge_fail; p=71.00|edge=-0.90|fee=0.36|tox=3.54|inv=0.00|qpen=0.00|queue=0.00|status=edge_fail; p=72.00|edge=-1.89|fee=0.35|tox=3.54|inv=0.00|qpen=0.00|queue=0.00|status=edge_fail; p=73.00|edge=-2.88|fee=0.34|tox=3.54|inv=0.00|qpen=0.00|queue=0.00|status=edge_fail; p=74.00|edge=-3.88|fee=0.34|tox=3.54|inv=0.00|qpen=0.00|queue=0.00|status=edge_fail; p=75.00|edge=-4.87|fee=0.33|tox=3.54|inv=0.00|qpen=0.00|queue=0.00|status=edge_fail
35,8.68,76.0,,YES,8.68,4.3404,88.0,76,ev_quote,8.68,88,0.32,3.0,0.0,0.0,0.0,76,ev_quote,,12,,4.0,0.0,,,14,negative_ev,88,12,6,78,84,16,22,5000.0,2.0,0.0,5000.0,1,16381.0,24713.0,40.02313316055556,close_time,2026-04-03T21:00:00Z,KXBTCD-26APR0317-T64299.99,https://kalshi.com/markets/kxbtcd,"Bitcoin price  on Apr 3, 2026?",p=76.00|edge=8.68|fee=0.32|tox=3.00|inv=0.00|qpen=0.00|queue=0.00|status=ok,p=14.00|edge=-6.21|fee=0.21|tox=4.00|inv=0.00|qpen=0.00|queue=0.00|status=edge_fail; p=15.00|edge=-7.22|fee=0.22|tox=4.00|inv=0.00|qpen=0.00|queue=0.00|status=edge_fail; p=16.00|edge=-8.23|fee=0.24|tox=4.00|inv=0.00|qpen=0.00|queue=0.00|status=edge_fail; p=17.00|edge=-9.25|fee=0.25|tox=4.00|inv=0.00|qpen=0.00|queue=0.00|status=edge_fail; p=18.00|edge=-10.26|fee=0.26|tox=4.00|inv=0.00|qpen=0.00|queue=0.00|status=edge_fail; p=19.00|edge=-11.27|fee=0.27|tox=4.00|inv=0.00|qpen=0.00|queue=0.00|status=edge_fail
36,8.63,70.0,,YES,8.63,4.3163,82.0,70,ev_quote,8.63,82,0.37,3.0,0.0,0.0,0.0,70,ev_quote,,18,,3.99,0.0,,,20,negative_ev,82,18,6,72,78,22,28,2000.0,9.0,0.0,2000.0,1,2472.0,2802.0,41.023165228055554,expected_expiration_time,2026-04-03T22:00:00Z,KXPGAMAKECUT-VATO26-JSPI,https://kalshi.com/markets/kxpgamakecut,Valero Texas Open: Will Jordan Spieth make the cut?,p=70.00|edge=8.63|fee=0.37|tox=3.00|inv=0.00|qpen=0.00|queue=0.00|status=ok,p=20.00|edge=-6.27|fee=0.28|tox=3.99|inv=0.00|qpen=0.00|queue=0.00|status=edge_fail; p=21.00|edge=-7.28|fee=0.29|tox=3.99|inv=0.00|qpen=0.00|queue=0.00|status=edge_fail; p=22.00|edge=-8.29|fee=0.30|tox=3.99|inv=0.00|qpen=0.00|queue=0.00|status=edge_fail; p=23.00|edge=-9.30|fee=0.31|tox=3.99|inv=0.00|qpen=0.00|queue=0.00|status=edge_fail; p=24.00|edge=-10.31|fee=0.32|tox=3.99|inv=0.00|qpen=0.00|queue=0.00|status=edge_fail; p=25.00|edge=-11.32|fee=0.33|tox=3.99|inv=0.00|qpen=0.00|queue=0.00|status=edge_fail
37,8.58,,59.0,NO,8.58,4.2883,71.0,59,ev_quote,,29,,3.33,0.0,,,25,negative_ev,8.58,71,0.42,3.0,0.0,0.0,0.0,59,ev_quote,29,71,12,27,39,61,73,2.0,4.0,0.0,2.0,1,1560.0,1333.0,26.023215564444445,close_time,2026-04-03T07:00:00Z,KXLOWTDEN-26APR02-T35,https://kalshi.com/markets/kxlowtden,"Will the minimum temperature be  <35° on Apr 2, 2026?",p=25.00|edge=0.34|fee=0.33|tox=3.33|inv=0.00|qpen=0.00|queue=0.00|status=edge_fail; p=26.00|edge=-0.67|fee=0.34|tox=3.33|inv=0.00|qpen=0.00|queue=0.00|status=edge_fail; p=27.00|edge=-1.74|fee=0.34|tox=3.33|inv=0.00|qpen=0.07|queue=2.00|status=edge_fail; p=28.00|edge=-2.69|fee=0.35|tox=3.33|inv=0.00|qpen=0.00|queue=0.00|status=edge_fail; p=29.00|edge=-3.69|fee=0.36|tox=3.33|inv=0.00|qpen=0.00|queue=0.00|status=edge_fail; p=30.00|edge=-4.70|fee=0.37|tox=3.33|inv=0.00|qpen=0.00|queue=0.00|status=edge_fail,p=59.00|edge=8.58|fee=0.42|tox=3.00|inv=0.00|qpen=0.00|queue=0.00|status=ok
38,8.57,56.0,23.0,YES,8.57,4.2844,68.0,56,ev_quote,8.57,68,0.43,3.0,0.0,0.0,0.0,56,ev_quote,5.15,32,0.31,3.54,0.0,0.0,0.0,23,ev_quote,68,32,17,58,75,25,42,80.0,24.0,0.0,80.0,1,1180.0,970.0,33.02323480111111,expected_expiration_time,2026-04-03T14:00:00Z,KXWTI-26APR03-T103.99,https://kalshi.com/markets/kxwti,"Will the WTI front-month settle oil price  be >103.99 on Apr 3, 2026?",p=56.00|edge=8.57|fee=0.43|tox=3.00|inv=0.00|qpen=0.00|queue=0.00|status=ok,p=23.00|edge=5.15|fee=0.31|tox=3.54|inv=0.00|qpen=0.00|queue=0.00|status=ok
39,8.41,34.0,47.0,YES,8.41,4.2036,46.0,34,ev_quote,8.41,46,0.39,3.2,0.0,0.0,0.0,34,ev_quote,3.56,54,0.44,3.0,0.0,0.0,0.0,47,ev_quote,46,54,15,36,51,49,64,4.0,6.0,0.0,4.0,1,549.0,517.0,24.023215264444442,close_time,2026-04-03T05:00:00Z,KXLOWTMIA-26APR02-B70.5,https://kalshi.com/markets/kxlowtmia,"Will the minimum temperature be  70-71° on Apr 2, 2026?",p=34.00|edge=8.41|fee=0.39|tox=3.20|inv=0.00|qpen=0.00|queue=0.00|status=ok,p=47.00|edge=3.56|fee=0.44|tox=3.00|inv=0.00|qpen=0.00|queue=0.00|status=ok
40,8.3,38.0,43.0,YES,8.3,4.151,50.0,38,ev_quote,8.3,50,0.41,3.29,0.0,0.0,0.0,38,ev_quote,3.57,50,0.43,3.0,0.0,0.0,0.0,43,ev_quote,50,50,15,40,55,45,60,50.0,90.0,0.0,50.0,1,597.0,597.0,16.18990062027778,expected_expiration_time,2026-04-02T21:10:00Z,KXMLBF5-26APR021410MINKC-KC,https://kalshi.com/markets/kxmlbf5,Minnesota vs Kansas City first 5 innings winner?,p=38.00|edge=8.30|fee=0.41|tox=3.29|inv=0.00|qpen=0.00|queue=0.00|status=ok,p=43.00|edge=3.57|fee=0.43|tox=3.00|inv=0.00|qpen=0.00|queue=0.00|status=ok
41,8.12,,73.0,NO,8.12,4.0583,85.0,73,ev_quote,,15,,3.0,0.0,,,11,negative_ev,8.12,85,0.34,3.54,0.0,0.0,0.0,73,ev_quote,15,85,12,13,25,75,87,10.0,3.0,0.0,10.0,1,1182.0,4225.0,40.02313063583333,close_time,2026-04-03T21:00:00Z,KXBRENTW-26APR0317-T123.99,https://kalshi.com/markets/kxbrentw,"Will the brent crude oil close price be above $123.99 on Apr 3, 2026 at 5pm EDT?",p=11.00|edge=0.83|fee=0.17|tox=3.00|inv=0.00|qpen=0.00|queue=0.00|status=edge_fail; p=12.00|edge=-0.18|fee=0.18|tox=3.00|inv=0.00|qpen=0.00|queue=0.00|status=edge_fail; p=13.00|edge=-1.53|fee=0.20|tox=3.00|inv=0.00|qpen=0.33|queue=10.00|status=edge_fail; p=14.00|edge=-2.21|fee=0.21|tox=3.00|inv=0.00|qpen=0.00|queue=0.00|status=edge_fail; p=15.00|edge=-3.22|fee=0.22|tox=3.00|inv=0.00|qpen=0.00|queue=0.00|status=edge_fail; p=16.00|edge=-4.24|fee=0.24|tox=3.00|inv=0.00|qpen=0.00|queue=0.00|status=edge_fail,p=73.00|edge=8.12|fee=0.34|tox=3.54|inv=0.00|qpen=0.00|queue=0.00|status=ok
42,8.04,4.0,75.0,NO,8.04,4.0211,87.0,75,ev_quote,5.93,13,0.07,3.0,0.0,0.0,0.0,4,ev_quote,8.04,87,0.33,3.63,0.0,0.0,0.0,75,ev_quote,13,87,17,6,23,77,94,44.0,10.0,0.0,44.0,1,702.0,513.0,26.023215364166663,close_time,2026-04-03T07:00:00Z,KXLOWTDEN-26APR02-B35.5,https://kalshi.com/markets/kxlowtden,"Will the minimum temperature be  35-36° on Apr 2, 2026?",p=4.00|edge=5.93|fee=0.07|tox=3.00|inv=0.00|qpen=0.00|queue=0.00|status=ok,p=75.00|edge=8.04|fee=0.33|tox=3.63|inv=0.00|qpen=0.00|queue=0.00|status=ok
43,8.04,54.0,25.0,YES,8.04,4.0207,66.0,54,ev_quote,8.04,66,0.43,3.52,0.0,0.0,0.0,54,ev_quote,5.67,34,0.33,3.0,0.0,0.0,0.0,25,ev_quote,66,34,17,56,73,27,44,5.0,16.0,0.0,5.0,1,798.0,757.0,33.023185876111114,close_time,2026-04-03T14:00:00Z,KXLEAVITTSMFMENTION-26APR02-NUCL,https://kalshi.com/markets/kxleavittsmfmention,What will Karoline Leavitt say during Turning Point Tour at George Washington University?,p=54.00|edge=8.04|fee=0.43|tox=3.52|inv=0.00|qpen=0.00|queue=0.00|status=ok,p=25.00|edge=5.67|fee=0.33|tox=3.00|inv=0.00|qpen=0.00|queue=0.00|status=ok
44,7.83,11.0,,YES,7.83,3.9143,22.0,11,ev_quote,7.83,22,0.17,3.0,0.0,0.0,0.0,11,ev_quote,,78,,3.0,0.0,,,73,negative_ev,22,78,12,13,25,75,87,5000.0,5000.0,0.0,5000.0,1,568.0,1173.0,40.023132009722225,close_time,2026-04-03T21:00:00Z,KXSOLD-26APR0317-T81.9999,https://kalshi.com/markets/kxsold,"SOL price  on Apr 3, 2026?",p=11.00|edge=7.83|fee=0.17|tox=3.00|inv=0.00|qpen=0.00|queue=0.00|status=ok,p=73.00|edge=1.66|fee=0.34|tox=3.00|inv=0.00|qpen=0.00|queue=0.00|status=edge_fail; p=74.00|edge=0.66|fee=0.34|tox=3.00|inv=0.00|qpen=0.00|queue=0.00|status=edge_fail; p=75.00|edge=-0.33|fee=0.33|tox=3.00|inv=0.00|qpen=0.00|queue=0.00|status=edge_fail; p=76.00|edge=-1.32|fee=0.32|tox=3.00|inv=0.00|qpen=0.00|queue=0.00|status=edge_fail; p=77.00|edge=-2.31|fee=0.31|tox=3.00|inv=0.00|qpen=0.00|queue=0.00|status=edge_fail; p=78.00|edge=-3.30|fee=0.30|tox=3.00|inv=0.00|qpen=0.00|queue=0.00|status=edge_fail
45,7.74,,39.0,NO,7.74,3.8688,51.0,39,ev_quote,,49,,3.0,0.0,,,51,negative_ev,7.74,51,0.42,3.85,0.0,0.0,0.0,39,ev_quote,49,51,6,53,59,41,47,132.0,11.0,0.0,132.0,1,734.0,557.0,16.0232034225,close_time,2026-04-02T21:00:00Z,KXGOLDD-26APR0217-T4660,https://kalshi.com/markets/kxgoldd,"Will the gold close price be above $4660 on Apr 2, 2026 at 5pm EDT?",p=51.00|edge=-5.44|fee=0.44|tox=3.00|inv=0.00|qpen=0.00|queue=0.00|status=edge_fail; p=52.00|edge=-6.44|fee=0.44|tox=3.00|inv=0.00|qpen=0.00|queue=0.00|status=edge_fail; p=53.00|edge=-11.84|fee=0.44|tox=3.00|inv=0.00|qpen=4.40|queue=132.00|status=edge_fail; p=54.00|edge=-8.43|fee=0.43|tox=3.00|inv=0.00|qpen=0.00|queue=0.00|status=edge_fail; p=55.00|edge=-9.43|fee=0.43|tox=3.00|inv=0.00|qpen=0.00|queue=0.00|status=edge_fail; p=56.00|edge=-10.43|fee=0.43|tox=3.00|inv=0.00|qpen=0.00|queue=0.00|status=edge_fail,p=39.00|edge=7.74|fee=0.42|tox=3.85|inv=0.00|qpen=0.00|queue=0.00|status=ok
46,7.7,78.0,,YES,7.7,3.8498,89.0,78,ev_quote,7.7,89,0.3,3.0,0.0,0.0,0.0,78,ev_quote,,11,,3.82,0.0,,,10,negative_ev,89,11,8,80,88,12,20,10.0,1.0,0.0,10.0,1,1974.0,1716.0,24.023217497777775,close_time,2026-04-03T05:00:00Z,KXHIGHTBOS-26APR02-B42.5,https://kalshi.com/markets/kxhightbos,"Will the maximum temperature be  42-43° on Apr 2, 2026?",p=78.00|edge=7.70|fee=0.30|tox=3.00|inv=0.00|qpen=0.00|queue=0.00|status=ok,p=10.00|edge=-2.98|fee=0.16|tox=3.82|inv=0.00|qpen=0.00|queue=0.00|status=edge_fail; p=11.00|edge=-3.99|fee=0.17|tox=3.82|inv=0.00|qpen=0.00|queue=0.00|status=edge_fail; p=12.00|edge=-5.00|fee=0.18|tox=3.82|inv=0.00|qpen=0.00|queue=0.00|status=edge_fail; p=13.00|edge=-6.02|fee=0.20|tox=3.82|inv=0.00|qpen=0.00|queue=0.00|status=edge_fail; p=14.00|edge=-7.03|fee=0.21|tox=3.82|inv=0.00|qpen=0.00|queue=0.00|status=edge_fail; p=15.00|edge=-8.04|fee=0.22|tox=3.82|inv=0.00|qpen=0.00|queue=0.00|status=edge_fail
47,7.67,5.0,75.0,NO,7.67,3.8359,86.0,75,ev_quote,5.92,14,0.08,3.0,0.0,0.0,0.0,5,ev_quote,7.67,86,0.33,3.0,0.0,0.0,0.0,75,ev_quote,14,86,16,7,23,77,93,30.0,30.0,0.0,30.0,1,603.0,432.0,23.006449319444446,close_time,2026-04-03T03:59:00Z,KXALBUMSALES-THI-15000,https://kalshi.com/markets/kxalbumsales,Will THIS MUSIC MAY CONTAIN HOPE. have At least 15000 pure album sales on the Hits Daily Double Top 50 Chart for April 0,p=5.00|edge=5.92|fee=0.08|tox=3.00|inv=0.00|qpen=0.00|queue=0.00|status=ok,p=75.00|edge=7.67|fee=0.33|tox=3.00|inv=0.00|qpen=0.00|queue=0.00|status=ok
48,7.65,,72.0,NO,7.65,3.8236,83.0,72,ev_quote,,17,,3.96,0.0,,,16,negative_ev,7.65,83,0.35,3.0,0.0,0.0,0.0,72,ev_quote,17,83,8,18,26,74,82,5.0,220.0,0.0,5.0,1,1786.0,1452.0,25.023217350000003,close_time,2026-04-03T06:00:00Z,KXHIGHTSATX-26APR02-T83,https://kalshi.com/markets/kxhightsatx,"Will the maximum temperature be  <83° on Apr 2, 2026?",p=16.00|edge=-3.19|fee=0.24|tox=3.96|inv=0.00|qpen=0.00|queue=0.00|status=edge_fail; p=17.00|edge=-4.20|fee=0.25|tox=3.96|inv=0.00|qpen=0.00|queue=0.00|status=edge_fail; p=18.00|edge=-5.38|fee=0.26|tox=3.96|inv=0.00|qpen=0.17|queue=5.00|status=edge_fail; p=19.00|edge=-6.22|fee=0.27|tox=3.96|inv=0.00|qpen=0.00|queue=0.00|status=edge_fail; p=20.00|edge=-7.24|fee=0.28|tox=3.96|inv=0.00|qpen=0.00|queue=0.00|status=edge_fail; p=21.00|edge=-8.25|fee=0.29|tox=3.96|inv=0.00|qpen=0.00|queue=0.00|status=edge_fail,p=72.00|edge=7.65|fee=0.35|tox=3.00|inv=0.00|qpen=0.00|queue=0.00|status=ok
49,7.64,29.0,,YES,7.64,3.8198,40.0,29,ev_quote,7.64,40,0.36,3.0,0.0,0.0,0.0,29,ev_quote,,60,,3.89,0.0,,,61,negative_ev,40,60,6,31,37,63,69,5000.0,304.0,0.0,5000.0,1,10859.0,10180.0,40.02313409638889,close_time,2026-04-03T21:00:00Z,KXETHD-26APR0317-T2079.99,https://kalshi.com/markets/kxethd,"Ethereum price at Apr 3, 2026 at 5pm EDT?",p=29.00|edge=7.64|fee=0.36|tox=3.00|inv=0.00|qpen=0.00|queue=0.00|status=ok,p=61.00|edge=-5.30|fee=0.42|tox=3.89|inv=0.00|qpen=0.00|queue=0.00|status=edge_fail; p=62.00|edge=-6.30|fee=0.41|tox=3.89|inv=0.00|qpen=0.00|queue=0.00|status=edge_fail; p=63.00|edge=-7.29|fee=0.41|tox=3.89|inv=0.00|qpen=0.00|queue=0.00|status=edge_fail; p=64.00|edge=-8.29|fee=0.40|tox=3.89|inv=0.00|qpen=0.00|queue=0.00|status=edge_fail; p=65.00|edge=-9.28|fee=0.40|tox=3.89|inv=0.00|qpen=0.00|queue=0.00|status=edge_fail; p=66.00|edge=-10.28|fee=0.39|tox=3.89|inv=0.00|qpen=0.00|queue=0.00|status=edge_fail
50,7.63,,31.0,NO,7.63,3.8128,42.0,31,ev_quote,,58,,3.82,0.0,,,58,negative_ev,7.63,42,0.37,3.0,0.0,0.0,0.0,31,ev_quote,58,42,7,60,67,33,40,1.0,10.0,0.0,1.0,1,1181.0,1065.0,23.006492451388887,close_time,2026-04-03T03:59:00Z,KXALBUMSALES-DAN-35000,https://kalshi.com/markets/kxalbumsales,"Will ADL have At Least 35000 pure album sales on the Hits Daily Double Top 50 Chart for April 2, 2026?",p=58.00|edge=-4.24|fee=0.43|tox=3.82|inv=0.00|qpen=0.00|queue=0.00|status=edge_fail; p=59.00|edge=-5.24|fee=0.42|tox=3.82|inv=0.00|qpen=0.00|queue=0.00|status=edge_fail; p=60.00|edge=-6.27|fee=0.42|tox=3.82|inv=0.00|qpen=0.03|queue=1.00|status=edge_fail; p=61.00|edge=-7.23|fee=0.42|tox=3.82|inv=0.00|qpen=0.00|queue=0.00|status=edge_fail; p=62.00|edge=-8.23|fee=0.41|tox=3.82|inv=0.00|qpen=0.00|queue=0.00|status=edge_fail; p=63.00|edge=-9.23|fee=0.41|tox=3.82|inv=0.00|qpen=0.00|queue=0.00|status=edge_fail,p=31.00|edge=7.63|fee=0.37|tox=3.00|inv=0.00|qpen=0.00|queue=0.00|status=ok
51,7.6,36.0,,YES,7.6,3.7984,47.0,36,ev_quote,7.6,47,0.4,3.0,0.0,0.0,0.0,36,ev_quote,,53,,3.33,0.0,,,52,negative_ev,47,53,8,38,46,54,62,2.0,1.0,0.0,2.0,1,810.0,662.0,33.023185535277776,close_time,2026-04-03T14:00:00Z,KXLEAVITTSMFMENTION-26APR02-COMM,https://kalshi.com/markets/kxleavittsmfmention,What will Karoline Leavitt say during Turning Point Tour at George Washington University?,p=36.00|edge=7.60|fee=0.40|tox=3.00|inv=0.00|qpen=0.00|queue=0.00|status=ok,p=52.00|edge=-2.77|fee=0.44|tox=3.33|inv=0.00|qpen=0.00|queue=0.00|status=edge_fail; p=53.00|edge=-3.77|fee=0.44|tox=3.33|inv=0.00|qpen=0.00|queue=0.00|status=edge_fail; p=54.00|edge=-4.77|fee=0.43|tox=3.33|inv=0.00|qpen=0.00|queue=0.00|status=edge_fail; p=55.00|edge=-5.77|fee=0.43|tox=3.33|inv=0.00|qpen=0.00|queue=0.00|status=edge_fail; p=56.00|edge=-6.76|fee=0.43|tox=3.33|inv=0.00|qpen=0.00|queue=0.00|status=edge_fail; p=57.00|edge=-7.76|fee=0.43|tox=3.33|inv=0.00|qpen=0.00|queue=0.00|status=edge_fail
52,7.58,,41.0,NO,7.58,3.7883,52.0,41,ev_quote,,48,,3.77,0.0,,,43,negative_ev,7.58,52,0.42,3.0,0.0,0.0,0.0,41,ev_quote,48,52,12,45,57,43,55,6.0,46.0,0.0,6.0,1,704.0,685.0,23.773234367777775,expected_expiration_time,2026-04-03T04:45:00Z,KXMLBF5-26APR022145NYMSF-NYM,https://kalshi.com/markets/kxmlbf5,New York M vs San Francisco first 5 innings winner?,p=43.00|edge=0.80|fee=0.43|tox=3.77|inv=0.00|qpen=0.00|queue=0.00|status=edge_fail; p=44.00|edge=-0.20|fee=0.43|tox=3.77|inv=0.00|qpen=0.00|queue=0.00|status=edge_fail; p=45.00|edge=-1.40|fee=0.43|tox=3.77|inv=0.00|qpen=0.20|queue=6.00|status=edge_fail; p=46.00|edge=-2.20|fee=0.43|tox=3.77|inv=0.00|qpen=0.00|queue=0.00|status=edge_fail; p=47.00|edge=-3.21|fee=0.44|tox=3.77|inv=0.00|qpen=0.00|queue=0.00|status=edge_fail; p=48.00|edge=-4.21|fee=0.44|tox=3.77|inv=0.00|qpen=0.00|queue=0.00|status=edge_fail,p=41.00|edge=7.58|fee=0.42|tox=3.00|inv=0.00|qpen=0.00|queue=0.00|status=ok
53,7.57,25.0,57.0,NO,7.57,3.7855,68.0,57,ev_quote,3.67,32,0.33,3.0,0.0,0.0,0.0,25,ev_quote,7.57,68,0.43,3.0,0.0,0.0,0.0,57,ev_quote,32,68,14,27,41,59,73,5.0,5.0,0.0,5.0,1,1497.0,1265.0,33.02318560472222,close_time,2026-04-03T14:00:00Z,KXLEAVITTSMFMENTION-26APR02-FAKE,https://kalshi.com/markets/kxleavittsmfmention,What will Karoline Leavitt say during Turning Point Tour at George Washington University?,p=25.00|edge=3.67|fee=0.33|tox=3.00|inv=0.00|qpen=0.00|queue=0.00|status=ok,p=57.00|edge=7.57|fee=0.43|tox=3.00|inv=0.00|qpen=0.00|queue=0.00|status=ok
54,7.43,70.0,13.0,YES,7.43,3.7163,81.0,70,ev_quote,7.43,81,0.37,3.2,0.0,0.0,0.0,70,ev_quote,2.8,19,0.2,3.0,0.0,0.0,0.0,13,ev_quote,81,19,13,72,85,15,28,2.0,3.0,0.0,2.0,1,568.0,366.0,16.023203221944446,close_time,2026-04-02T21:00:00Z,KXGOLDD-26APR0217-T4610,https://kalshi.com/markets/kxgoldd,"Will the gold close price be above $4610 on Apr 2, 2026 at 5pm EDT?",p=70.00|edge=7.43|fee=0.37|tox=3.20|inv=0.00|qpen=0.00|queue=0.00|status=ok,p=13.00|edge=2.80|fee=0.20|tox=3.00|inv=0.00|qpen=0.00|queue=0.00|status=ok
55,6.9,,6.0,NO,6.9,3.4507,16.0,6,ev_quote,,84,,3.64,0.0,,,85,negative_ev,6.9,16,0.1,3.0,0.0,0.0,0.0,6,ev_quote,84,16,5,87,92,8,13,18.0,81.0,0.0,18.0,1,4847.0,3184.0,3.0231767291666665,close_time,2026-04-02T08:00:00Z,KXLOWTLAX-26APR01-B59.5,https://kalshi.com/markets/kxlowtlax,"Will the minimum temperature be  59-60° on Apr 1, 2026?",p=85.00|edge=-4.86|fee=0.22|tox=3.64|inv=0.00|qpen=0.00|queue=0.00|status=edge_fail; p=86.00|edge=-5.85|fee=0.21|tox=3.64|inv=0.00|qpen=0.00|queue=0.00|status=edge_fail; p=87.00|edge=-7.43|fee=0.20|tox=3.64|inv=0.00|qpen=0.60|queue=18.00|status=edge_fail; p=88.00|edge=-7.82|fee=0.18|tox=3.64|inv=0.00|qpen=0.00|queue=0.00|status=edge_fail; p=89.00|edge=-8.81|fee=0.17|tox=3.64|inv=0.00|qpen=0.00|queue=0.00|status=edge_fail; p=90.00|edge=-9.79|fee=0.16|tox=3.64|inv=0.00|qpen=0.00|queue=0.00|status=edge_fail,p=6.00|edge=6.90|fee=0.10|tox=3.00|inv=0.00|qpen=0.00|queue=0.00|status=ok
56,6.89,7.0,,YES,6.89,3.443,17.0,7,ev_quote,6.89,17,0.11,3.0,0.0,0.0,0.0,7,ev_quote,,83,,3.18,0.0,,,80,negative_ev,17,83,9,9,18,82,91,225.0,156.0,0.0,225.0,1,943.0,942.0,16.023212434444446,close_time,2026-04-02T21:00:00Z,KXSOLE-26APR0217-B80,https://kalshi.com/markets/kxsole,"SOL price  on Apr 2, 2026?",p=7.00|edge=6.89|fee=0.11|tox=3.00|inv=0.00|qpen=0.00|queue=0.00|status=ok,p=80.00|edge=-0.46|fee=0.28|tox=3.18|inv=0.00|qpen=0.00|queue=0.00|status=edge_fail; p=81.00|edge=-1.45|fee=0.27|tox=3.18|inv=0.00|qpen=0.00|queue=0.00|status=edge_fail; p=82.00|edge=-2.44|fee=0.26|tox=3.18|inv=0.00|qpen=0.00|queue=0.00|status=edge_fail; p=83.00|edge=-3.43|fee=0.25|tox=3.18|inv=0.00|qpen=0.00|queue=0.00|status=edge_fail; p=84.00|edge=-4.42|fee=0.24|tox=3.18|inv=0.00|qpen=0.00|queue=0.00|status=edge_fail; p=85.00|edge=-5.40|fee=0.22|tox=3.18|inv=0.00|qpen=0.00|queue=0.00|status=edge_fail
57,6.84,74.0,10.0,NO,6.84,3.4213,20.0,10,ev_quote,2.16,80,0.34,3.5,0.0,0.0,0.0,74,ev_quote,6.84,20,0.16,3.0,0.0,0.0,0.0,10,ev_quote,80,20,12,76,88,12,24,1.0,3.0,0.0,1.0,1,526.0,269.0,16.023203138333333,close_time,2026-04-02T21:00:00Z,KXGOLDD-26APR0217-T4600,https://kalshi.com/markets/kxgoldd,"Will the gold close price be above $4600 on Apr 2, 2026 at 5pm EDT?",p=74.00|edge=2.16|fee=0.34|tox=3.50|inv=0.00|qpen=0.00|queue=0.00|status=ok,p=10.00|edge=6.84|fee=0.16|tox=3.00|inv=0.00|qpen=0.00|queue=0.00|status=ok
58,6.75,83.0,,YES,6.75,3.3765,93.0,83,ev_quote,6.75,93,0.25,3.0,0.0,0.0,0.0,83,ev_quote,,7,,3.95,0.0,,,6,negative_ev,93,7,7,85,92,8,15,5022.0,142.0,0.0,5022.0,1,8791.0,18276.0,40.02313292194445,close_time,2026-04-03T21:00:00Z,KXBTCD-26APR0317-T63299.99,https://kalshi.com/markets/kxbtcd,"Bitcoin price  on Apr 3, 2026?",p=83.00|edge=6.75|fee=0.25|tox=3.00|inv=0.00|qpen=0.00|queue=0.00|status=ok,p=6.00|edge=-3.04|fee=0.10|tox=3.95|inv=0.00|qpen=0.00|queue=0.00|status=edge_fail; p=7.00|edge=-4.06|fee=0.11|tox=3.95|inv=0.00|qpen=0.00|queue=0.00|status=edge_fail; p=8.00|edge=-5.07|fee=0.13|tox=3.95|inv=0.00|qpen=0.00|queue=0.00|status=edge_fail; p=9.00|edge=-6.09|fee=0.14|tox=3.95|inv=0.00|qpen=0.00|queue=0.00|status=edge_fail; p=10.00|edge=-7.10|fee=0.16|tox=3.95|inv=0.00|qpen=0.00|queue=0.00|status=edge_fail; p=11.00|edge=-8.12|fee=0.17|tox=3.95|inv=0.00|qpen=0.00|queue=0.00|status=edge_fail
59,6.75,,83.0,NO,6.75,3.3765,93.0,83,ev_quote,,7,,3.89,0.0,,,6,negative_ev,6.75,93,0.25,3.0,0.0,0.0,0.0,83,ev_quote,7,93,7,8,15,85,92,300.0,5000.0,0.0,300.0,1,1858.0,6828.0,40.02313436944444,close_time,2026-04-03T21:00:00Z,KXETHD-26APR0317-T2159.99,https://kalshi.com/markets/kxethd,"Ethereum price at Apr 3, 2026 at 5pm EDT?",p=6.00|edge=-2.99|fee=0.10|tox=3.89|inv=0.00|qpen=0.00|queue=0.00|status=edge_fail; p=7.00|edge=-4.00|fee=0.11|tox=3.89|inv=0.00|qpen=0.00|queue=0.00|status=edge_fail; p=8.00|edge=-11.02|fee=0.13|tox=3.89|inv=0.00|qpen=6.00|queue=300.00|status=edge_fail; p=9.00|edge=-6.03|fee=0.14|tox=3.89|inv=0.00|qpen=0.00|queue=0.00|status=edge_fail; p=10.00|edge=-7.04|fee=0.16|tox=3.89|inv=0.00|qpen=0.00|queue=0.00|status=edge_fail; p=11.00|edge=-8.06|fee=0.17|tox=3.89|inv=0.00|qpen=0.00|queue=0.00|status=edge_fail,p=83.00|edge=6.75|fee=0.25|tox=3.00|inv=0.00|qpen=0.00|queue=0.00|status=ok
60,6.75,17.0,,YES,6.75,3.3765,27.0,17,ev_quote,6.75,27,0.25,3.0,0.0,0.0,0.0,17,ev_quote,,73,,3.69,0.0,,,72,negative_ev,27,73,7,19,26,74,81,22.0,4.0,0.0,22.0,1,767.0,967.0,25.023215906944444,close_time,2026-04-03T06:00:00Z,KXLOWTAUS-26APR02-B68.5,https://kalshi.com/markets/kxlowtaus,"Will the minimum temperature be  68-69° on Apr 2, 2026?",p=17.00|edge=6.75|fee=0.25|tox=3.00|inv=0.00|qpen=0.00|queue=0.00|status=ok,p=72.00|edge=-3.05|fee=0.35|tox=3.69|inv=0.00|qpen=0.00|queue=0.00|status=edge_fail; p=73.00|edge=-4.04|fee=0.34|tox=3.69|inv=0.00|qpen=0.00|queue=0.00|status=edge_fail; p=74.00|edge=-5.03|fee=0.34|tox=3.69|inv=0.00|qpen=0.00|queue=0.00|status=edge_fail; p=75.00|edge=-6.02|fee=0.33|tox=3.69|inv=0.00|qpen=0.00|queue=0.00|status=edge_fail; p=76.00|edge=-7.01|fee=0.32|tox=3.69|inv=0.00|qpen=0.00|queue=0.00|status=edge_fail; p=77.00|edge=-8.00|fee=0.31|tox=3.69|inv=0.00|qpen=0.00|queue=0.00|status=edge_fail
61,6.73,,70.0,NO,6.73,3.3639,81.0,70,ev_quote,,19,,3.0,0.0,,,16,negative_ev,6.73,81,0.37,3.9,0.0,0.0,0.0,70,ev_quote,19,81,10,18,28,72,82,100.0,5.0,0.0,100.0,1,797.0,593.0,26.023215467777778,close_time,2026-04-03T07:00:00Z,KXLOWTDEN-26APR02-B39.5,https://kalshi.com/markets/kxlowtden,"Will the minimum temperature be  39-40° on Apr 2, 2026?",p=16.00|edge=-0.24|fee=0.24|tox=3.00|inv=0.00|qpen=0.00|queue=0.00|status=edge_fail; p=17.00|edge=-1.25|fee=0.25|tox=3.00|inv=0.00|qpen=0.00|queue=0.00|status=edge_fail; p=18.00|edge=-5.59|fee=0.26|tox=3.00|inv=0.00|qpen=3.33|queue=100.00|status=edge_fail; p=19.00|edge=-3.27|fee=0.27|tox=3.00|inv=0.00|qpen=0.00|queue=0.00|status=edge_fail; p=20.00|edge=-4.28|fee=0.28|tox=3.00|inv=0.00|qpen=0.00|queue=0.00|status=edge_fail; p=21.00|edge=-5.29|fee=0.29|tox=3.00|inv=0.00|qpen=0.00|queue=0.00|status=edge_fail,p=70.00|edge=6.73|fee=0.37|tox=3.90|inv=0.00|qpen=0.00|queue=0.00|status=ok
62,6.69,77.0,7.0,YES,6.69,3.345,87.0,77,ev_quote,6.69,87,0.31,3.0,0.0,0.0,0.0,77,ev_quote,2.07,13,0.11,3.82,0.0,0.0,0.0,7,ev_quote,87,13,12,79,91,9,21,40.0,4.0,0.0,40.0,1,865.0,820.0,23.689900160833332,expected_expiration_time,2026-04-03T04:40:00Z,KXMLBTOTAL-26APR022140ATLAZ-4,https://kalshi.com/markets/kxmlbtotal,Atlanta vs Arizona Total Runs?,p=77.00|edge=6.69|fee=0.31|tox=3.00|inv=0.00|qpen=0.00|queue=0.00|status=ok,p=7.00|edge=2.07|fee=0.11|tox=3.82|inv=0.00|qpen=0.00|queue=0.00|status=ok
63,6.66,8.0,73.0,NO,6.66,3.3275,83.0,73,ev_quote,5.05,17,0.13,3.82,0.0,0.0,0.0,8,ev_quote,6.66,83,0.34,3.0,0.0,0.0,0.0,73,ev_quote,17,83,15,10,25,75,90,40.0,400.0,0.0,40.0,1,1824.0,1234.0,15.023201853055555,close_time,2026-04-02T20:00:00Z,KXINXU-26APR02H1600-T6574.9999,https://kalshi.com/markets/kxinxu,"Will the S&P 500 be above 6574.9999 on Apr 2, 2026 at 4pm EDT?",p=8.00|edge=5.05|fee=0.13|tox=3.82|inv=0.00|qpen=0.00|queue=0.00|status=ok,p=73.00|edge=6.66|fee=0.34|tox=3.00|inv=0.00|qpen=0.00|queue=0.00|status=ok
64,6.63,30.0,,YES,6.63,3.3163,40.0,30,ev_quote,6.63,40,0.37,3.0,0.0,0.0,0.0,30,ev_quote,,60,,3.67,0.0,,,58,negative_ev,40,60,8,32,40,60,68,80.0,16.0,0.0,80.0,1,1138.0,833.0,10.023231192222223,expected_expiration_time,2026-04-02T15:00:00Z,KXCS2GAME-26APR0207003DMAXBST-BST,https://kalshi.com/markets/kxcs2game,Will BESTIA win the 3DMAX vs. BESTIA CS2 match?,p=30.00|edge=6.63|fee=0.37|tox=3.00|inv=0.00|qpen=0.00|queue=0.00|status=ok,p=58.00|edge=-2.09|fee=0.43|tox=3.67|inv=0.00|qpen=0.00|queue=0.00|status=edge_fail; p=59.00|edge=-3.09|fee=0.42|tox=3.67|inv=0.00|qpen=0.00|queue=0.00|status=edge_fail; p=60.00|edge=-4.09|fee=0.42|tox=3.67|inv=0.00|qpen=0.00|queue=0.00|status=edge_fail; p=61.00|edge=-5.08|fee=0.42|tox=3.67|inv=0.00|qpen=0.00|queue=0.00|status=edge_fail; p=62.00|edge=-6.08|fee=0.41|tox=3.67|inv=0.00|qpen=0.00|queue=0.00|status=edge_fail; p=63.00|edge=-7.07|fee=0.41|tox=3.67|inv=0.00|qpen=0.00|queue=0.00|status=edge_fail
65,6.57,58.0,,YES,6.57,3.2869,68.0,58,ev_quote,6.57,68,0.43,3.0,0.0,0.0,0.0,58,ev_quote,,32,,3.15,0.0,,,29,negative_ev,68,32,9,60,69,31,40,30.0,22.0,0.0,30.0,1,5023.0,5680.0,41.02316509972222,expected_expiration_time,2026-04-03T22:00:00Z,KXPGAMAKECUT-VATO26-JKEE,https://kalshi.com/markets/kxpgamakecut,Valero Texas Open: Will John Keefer make the cut?,p=58.00|edge=6.57|fee=0.43|tox=3.00|inv=0.00|qpen=0.00|queue=0.00|status=ok,p=29.00|edge=-0.51|fee=0.36|tox=3.15|inv=0.00|qpen=0.00|queue=0.00|status=edge_fail; p=30.00|edge=-1.52|fee=0.37|tox=3.15|inv=0.00|qpen=0.00|queue=0.00|status=edge_fail; p=31.00|edge=-2.53|fee=0.37|tox=3.15|inv=0.00|qpen=0.00|queue=0.00|status=edge_fail; p=32.00|edge=-3.53|fee=0.38|tox=3.15|inv=0.00|qpen=0.00|queue=0.00|status=edge_fail; p=33.00|edge=-4.54|fee=0.39|tox=3.15|inv=0.00|qpen=0.00|queue=0.00|status=edge_fail; p=34.00|edge=-5.55|fee=0.39|tox=3.15|inv=0.00|qpen=0.00|queue=0.00|status=edge_fail
66,6.57,54.0,,YES,6.57,3.2827,64.0,54,ev_quote,6.57,64,0.43,3.0,0.0,0.0,0.0,54,ev_quote,,36,,3.04,0.0,,,35,negative_ev,64,36,7,56,63,37,44,43.0,40.0,0.0,43.0,1,551.0,533.0,33.02318569861111,close_time,2026-04-03T14:00:00Z,KXLEAVITTSMFMENTION-26APR02-ID,https://kalshi.com/markets/kxleavittsmfmention,What will Karoline Leavitt say during Turning Point Tour at George Washington University?,p=54.00|edge=6.57|fee=0.43|tox=3.00|inv=0.00|qpen=0.00|queue=0.00|status=ok,p=35.00|edge=-2.43|fee=0.40|tox=3.04|inv=0.00|qpen=0.00|queue=0.00|status=edge_fail; p=36.00|edge=-3.44|fee=0.40|tox=3.04|inv=0.00|qpen=0.00|queue=0.00|status=edge_fail; p=37.00|edge=-4.44|fee=0.41|tox=3.04|inv=0.00|qpen=0.00|queue=0.00|status=edge_fail; p=38.00|edge=-5.45|fee=0.41|tox=3.04|inv=0.00|qpen=0.00|queue=0.00|status=edge_fail; p=39.00|edge=-6.45|fee=0.42|tox=3.04|inv=0.00|qpen=0.00|queue=0.00|status=edge_fail; p=40.00|edge=-7.46|fee=0.42|tox=3.04|inv=0.00|qpen=0.00|queue=0.00|status=edge_fail
67,6.28,24.0,59.0,YES,6.28,3.1404,34.0,24,ev_quote,6.28,34,0.32,3.4,0.0,0.0,0.0,24,ev_quote,3.58,66,0.42,3.0,0.0,0.0,0.0,59,ev_quote,34,66,13,26,39,61,74,3.0,7.0,0.0,3.0,1,1099.0,805.0,9.023200000000001,expected_expiration_time,2026-04-02T14:00:00Z,KXTRUMPMENTIONB-26APR01-IRAN,https://kalshi.com/markets/kxtrumpmentionb,What will Donald Trump say during The White House Easter Egg Roll?,p=24.00|edge=6.28|fee=0.32|tox=3.40|inv=0.00|qpen=0.00|queue=0.00|status=ok,p=59.00|edge=3.58|fee=0.42|tox=3.00|inv=0.00|qpen=0.00|queue=0.00|status=ok
68,5.95,3.0,,YES,5.95,2.9745,12.0,3,ev_quote,5.95,12,0.05,3.0,0.0,0.0,0.0,3,ev_quote,,88,,3.9,0.0,,,88,negative_ev,12,88,5,5,10,90,95,5000.0,253.0,0.0,5000.0,1,4198.0,3816.0,40.02313750166667,close_time,2026-04-03T21:00:00Z,KXBTC-26APR0317-B65550,https://kalshi.com/markets/kxbtc,"Bitcoin price range  on Apr 3, 2026?",p=3.00|edge=5.95|fee=0.05|tox=3.00|inv=0.00|qpen=0.00|queue=0.00|status=ok,p=88.00|edge=-4.09|fee=0.18|tox=3.90|inv=0.00|qpen=0.00|queue=0.00|status=edge_fail; p=89.00|edge=-5.07|fee=0.17|tox=3.90|inv=0.00|qpen=0.00|queue=0.00|status=edge_fail; p=90.00|edge=-6.06|fee=0.16|tox=3.90|inv=0.00|qpen=0.00|queue=0.00|status=edge_fail; p=91.00|edge=-7.05|fee=0.14|tox=3.90|inv=0.00|qpen=0.00|queue=0.00|status=edge_fail; p=92.00|edge=-8.03|fee=0.13|tox=3.90|inv=0.00|qpen=0.00|queue=0.00|status=edge_fail; p=93.00|edge=-9.02|fee=0.11|tox=3.90|inv=0.00|qpen=0.00|queue=0.00|status=edge_fail
69,5.93,4.0,,YES,5.93,2.9664,13.0,4,ev_quote,5.93,13,0.07,3.0,0.0,0.0,0.0,4,ev_quote,,87,,3.97,0.0,,,85,negative_ev,13,87,7,6,13,87,94,5049.0,64.0,0.0,5049.0,1,879.0,1672.0,40.023132678888885,close_time,2026-04-03T21:00:00Z,KXETH-26APR0317-B2140,https://kalshi.com/markets/kxeth,"Ethereum price at Apr 3, 2026 at 5pm EDT?",p=4.00|edge=5.93|fee=0.07|tox=3.00|inv=0.00|qpen=0.00|queue=0.00|status=ok,p=85.00|edge=-2.20|fee=0.22|tox=3.97|inv=0.00|qpen=0.00|queue=0.00|status=edge_fail; p=86.00|edge=-3.19|fee=0.21|tox=3.97|inv=0.00|qpen=0.00|queue=0.00|status=edge_fail; p=87.00|edge=-4.17|fee=0.20|tox=3.97|inv=0.00|qpen=0.00|queue=0.00|status=edge_fail; p=88.00|edge=-5.16|fee=0.18|tox=3.97|inv=0.00|qpen=0.00|queue=0.00|status=edge_fail; p=89.00|edge=-6.15|fee=0.17|tox=3.97|inv=0.00|qpen=0.00|queue=0.00|status=edge_fail; p=90.00|edge=-7.13|fee=0.16|tox=3.97|inv=0.00|qpen=0.00|queue=0.00|status=edge_fail
70,5.92,5.0,,YES,5.92,2.9584,14.0,5,ev_quote,5.92,14,0.08,3.0,0.0,0.0,0.0,5,ev_quote,,86,,3.0,0.0,,,82,negative_ev,14,86,9,7,16,84,93,10.0,10.0,0.0,10.0,1,3128.0,2057.0,24.0232175875,close_time,2026-04-03T05:00:00Z,KXHIGHTBOS-26APR02-B44.5,https://kalshi.com/markets/kxhightbos,"Will the maximum temperature be  44-45° on Apr 2, 2026?",p=5.00|edge=5.92|fee=0.08|tox=3.00|inv=0.00|qpen=0.00|queue=0.00|status=ok,p=82.00|edge=0.74|fee=0.26|tox=3.00|inv=0.00|qpen=0.00|queue=0.00|status=edge_fail; p=83.00|edge=-0.25|fee=0.25|tox=3.00|inv=0.00|qpen=0.00|queue=0.00|status=edge_fail; p=84.00|edge=-1.24|fee=0.24|tox=3.00|inv=0.00|qpen=0.00|queue=0.00|status=edge_fail; p=85.00|edge=-2.22|fee=0.22|tox=3.00|inv=0.00|qpen=0.00|queue=0.00|status=edge_fail; p=86.00|edge=-3.21|fee=0.21|tox=3.00|inv=0.00|qpen=0.00|queue=0.00|status=edge_fail; p=87.00|edge=-4.20|fee=0.20|tox=3.00|inv=0.00|qpen=0.00|queue=0.00|status=edge_fail
71,5.76,,16.0,NO,5.76,2.8824,25.0,16,ev_quote,,75,,3.97,0.0,,,73,negative_ev,5.76,25,0.24,3.0,0.0,0.0,0.0,16,ev_quote,75,25,7,75,82,18,25,81.0,5970.0,0.0,81.0,1,757.0,895.0,41.02316672333333,expected_expiration_time,2026-04-03T22:00:00Z,KXPGAMAKECUT-VATO26-RHEN,https://kalshi.com/markets/kxpgamakecut,Valero Texas Open: Will Russell Henley make the cut?,p=73.00|edge=-2.32|fee=0.34|tox=3.97|inv=0.00|qpen=0.00|queue=0.00|status=edge_fail; p=74.00|edge=-3.31|fee=0.34|tox=3.97|inv=0.00|qpen=0.00|queue=0.00|status=edge_fail; p=75.00|edge=-7.00|fee=0.33|tox=3.97|inv=0.00|qpen=2.70|queue=81.00|status=edge_fail; p=76.00|edge=-5.29|fee=0.32|tox=3.97|inv=0.00|qpen=0.00|queue=0.00|status=edge_fail; p=77.00|edge=-6.28|fee=0.31|tox=3.97|inv=0.00|qpen=0.00|queue=0.00|status=edge_fail; p=78.00|edge=-7.27|fee=0.30|tox=3.97|inv=0.00|qpen=0.00|queue=0.00|status=edge_fail,p=16.00|edge=5.76|fee=0.24|tox=3.00|inv=0.00|qpen=0.00|queue=0.00|status=ok
72,5.74,,82.0,NO,5.74,2.8708,91.0,82,ev_quote,,9,,3.99,0.0,,,9,negative_ev,5.74,91,0.26,3.0,0.0,0.0,0.0,82,ev_quote,9,91,5,11,16,84,89,1.0,285.0,0.0,1.0,1,634.0,1504.0,7.439794882777778,close_time,2026-04-02T12:25:00Z,KXJOBLESSCLAIMS-26APR02-220000,https://kalshi.com/markets/kxjoblessclaims,"How many initial jobless claims will there be the week ending Mar 28, 2026?",p=9.00|edge=-4.14|fee=0.14|tox=3.99|inv=0.00|qpen=0.00|queue=0.00|status=edge_fail; p=10.00|edge=-5.15|fee=0.16|tox=3.99|inv=0.00|qpen=0.00|queue=0.00|status=edge_fail; p=11.00|edge=-6.20|fee=0.17|tox=3.99|inv=0.00|qpen=0.03|queue=1.00|status=edge_fail; p=12.00|edge=-7.18|fee=0.18|tox=3.99|inv=0.00|qpen=0.00|queue=0.00|status=edge_fail; p=13.00|edge=-8.19|fee=0.20|tox=3.99|inv=0.00|qpen=0.00|queue=0.00|status=edge_fail; p=14.00|edge=-9.20|fee=0.21|tox=3.99|inv=0.00|qpen=0.00|queue=0.00|status=edge_fail,p=82.00|edge=5.74|fee=0.26|tox=3.00|inv=0.00|qpen=0.00|queue=0.00|status=ok
73,5.73,3.0,81.0,NO,5.73,2.8653,90.0,81,ev_quote,3.09,10,0.05,3.86,0.0,0.0,0.0,3,ev_quote,5.73,90,0.27,3.0,0.0,0.0,0.0,81,ev_quote,10,90,12,5,17,83,95,373.0,5000.0,0.0,373.0,1,997.0,956.0,16.023212875,close_time,2026-04-02T21:00:00Z,KXSOLD-26APR0217-T81.9999,https://kalshi.com/markets/kxsold,"SOL price  on Apr 2, 2026?",p=3.00|edge=3.09|fee=0.05|tox=3.86|inv=0.00|qpen=0.00|queue=0.00|status=ok,p=81.00|edge=5.73|fee=0.27|tox=3.00|inv=0.00|qpen=0.00|queue=0.00|status=ok
74,5.72,80.0,5.0,YES,5.72,2.86,89.0,80,ev_quote,5.72,89,0.28,3.0,0.0,0.0,0.0,80,ev_quote,2.25,11,0.08,3.67,0.0,0.0,0.0,5,ev_quote,89,11,11,82,93,7,18,500.0,100.0,0.0,500.0,1,608.0,607.0,16.189900479722223,expected_expiration_time,2026-04-02T21:10:00Z,KXMLBTOTAL-26APR021410MINKC-4,https://kalshi.com/markets/kxmlbtotal,Minnesota vs Kansas City Total Runs?,p=80.00|edge=5.72|fee=0.28|tox=3.00|inv=0.00|qpen=0.00|queue=0.00|status=ok,p=5.00|edge=2.25|fee=0.08|tox=3.67|inv=0.00|qpen=0.00|queue=0.00|status=ok
75,5.67,25.0,,YES,5.67,2.8359,34.0,25,ev_quote,5.67,34,0.33,3.0,0.0,0.0,0.0,25,ev_quote,,66,,3.25,0.0,,,64,negative_ev,34,66,7,27,34,66,73,40.0,24.0,0.0,40.0,1,2801.0,1735.0,40.02312916416667,close_time,2026-04-03T21:00:00Z,KXGOLDW-26APR0317-T4779.99,https://kalshi.com/markets/kxgoldw,"Will the gold open price be above $4779.99 on Apr 3, 2026 at 5pm EDT?",p=25.00|edge=5.67|fee=0.33|tox=3.00|inv=0.00|qpen=0.00|queue=0.00|status=ok,p=64.00|edge=-1.65|fee=0.40|tox=3.25|inv=0.00|qpen=0.00|queue=0.00|status=edge_fail; p=65.00|edge=-2.65|fee=0.40|tox=3.25|inv=0.00|qpen=0.00|queue=0.00|status=edge_fail; p=66.00|edge=-3.64|fee=0.39|tox=3.25|inv=0.00|qpen=0.00|queue=0.00|status=edge_fail; p=67.00|edge=-4.64|fee=0.39|tox=3.25|inv=0.00|qpen=0.00|queue=0.00|status=edge_fail; p=68.00|edge=-5.63|fee=0.38|tox=3.25|inv=0.00|qpen=0.00|queue=0.00|status=edge_fail; p=69.00|edge=-6.62|fee=0.37|tox=3.25|inv=0.00|qpen=0.00|queue=0.00|status=edge_fail
76,5.67,10.0,75.0,NO,5.67,2.8359,84.0,75,ev_quote,2.04,16,0.16,3.8,0.0,0.0,0.0,10,ev_quote,5.67,84,0.33,3.0,0.0,0.0,0.0,75,ev_quote,16,84,11,12,23,77,88,5.0,46.0,0.0,5.0,1,746.0,734.0,33.023186083611115,close_time,2026-04-03T14:00:00Z,KXLEAVITTSMFMENTION-26APR02-SUPR,https://kalshi.com/markets/kxleavittsmfmention,What will Karoline Leavitt say during Turning Point Tour at George Washington University?,p=10.00|edge=2.04|fee=0.16|tox=3.80|inv=0.00|qpen=0.00|queue=0.00|status=ok,p=75.00|edge=5.67|fee=0.33|tox=3.00|inv=0.00|qpen=0.00|queue=0.00|status=ok
77,5.66,,73.0,NO,5.66,2.8275,82.0,73,ev_quote,,18,,3.74,0.0,,,13,negative_ev,5.66,82,0.34,3.0,0.0,0.0,0.0,73,ev_quote,18,82,10,15,25,75,85,76.0,505.0,0.0,76.0,1,621.0,636.0,15.023201950277778,close_time,2026-04-02T20:00:00Z,KXINXU-26APR02H1600-T6599.9999,https://kalshi.com/markets/kxinxu,"Will the S&P 500 be above 6599.9999 on Apr 2, 2026 at 4pm EDT?",p=13.00|edge=1.06|fee=0.20|tox=3.74|inv=0.00|qpen=0.00|queue=0.00|status=edge_fail; p=14.00|edge=0.05|fee=0.21|tox=3.74|inv=0.00|qpen=0.00|queue=0.00|status=edge_fail; p=15.00|edge=-3.49|fee=0.22|tox=3.74|inv=0.00|qpen=2.53|queue=76.00|status=edge_fail; p=16.00|edge=-1.97|fee=0.24|tox=3.74|inv=0.00|qpen=0.00|queue=0.00|status=edge_fail; p=17.00|edge=-2.99|fee=0.25|tox=3.74|inv=0.00|qpen=0.00|queue=0.00|status=edge_fail; p=18.00|edge=-4.00|fee=0.26|tox=3.74|inv=0.00|qpen=0.00|queue=0.00|status=edge_fail,p=73.00|edge=5.66|fee=0.34|tox=3.00|inv=0.00|qpen=0.00|queue=0.00|status=ok
78,5.65,28.0,,YES,5.65,2.8236,37.0,28,ev_quote,5.65,37,0.35,3.0,0.0,0.0,0.0,28,ev_quote,,63,,3.69,0.0,,,62,negative_ev,37,63,6,30,36,64,70,500.0,92.0,0.0,500.0,1,812.0,4588.0,31.50622614111111,close_time,2026-04-03T12:29:00Z,KXECONSTATU3-26MAR-T4.4,https://kalshi.com/markets/kxeconstatu3,Unemployment rate in Mar 2026?,p=28.00|edge=5.65|fee=0.35|tox=3.00|inv=0.00|qpen=0.00|queue=0.00|status=ok,p=62.00|edge=-3.10|fee=0.41|tox=3.69|inv=0.00|qpen=0.00|queue=0.00|status=edge_fail; p=63.00|edge=-4.10|fee=0.41|tox=3.69|inv=0.00|qpen=0.00|queue=0.00|status=edge_fail; p=64.00|edge=-5.09|fee=0.40|tox=3.69|inv=0.00|qpen=0.00|queue=0.00|status=edge_fail; p=65.00|edge=-6.09|fee=0.40|tox=3.69|inv=0.00|qpen=0.00|queue=0.00|status=edge_fail; p=66.00|edge=-7.08|fee=0.39|tox=3.69|inv=0.00|qpen=0.00|queue=0.00|status=edge_fail; p=67.00|edge=-8.08|fee=0.39|tox=3.69|inv=0.00|qpen=0.00|queue=0.00|status=edge_fail
79,5.61,,33.0,NO,5.61,2.8065,42.0,33,ev_quote,,58,,3.94,0.0,,,57,negative_ev,5.61,42,0.39,3.0,0.0,0.0,0.0,33,ev_quote,58,42,6,59,65,35,41,119.0,3987.0,0.0,119.0,1,789.0,795.0,41.02316347166666,expected_expiration_time,2026-04-03T22:00:00Z,KXPGAMAKECUT-VATO26-ADUM,https://kalshi.com/markets/kxpgamakecut,Valero Texas Open: Will Adrien Dumont De Chassart make the cut?,p=57.00|edge=-3.37|fee=0.43|tox=3.94|inv=0.00|qpen=0.00|queue=0.00|status=edge_fail; p=58.00|edge=-4.37|fee=0.43|tox=3.94|inv=0.00|qpen=0.00|queue=0.00|status=edge_fail; p=59.00|edge=-9.33|fee=0.42|tox=3.94|inv=0.00|qpen=3.97|queue=119.00|status=edge_fail; p=60.00|edge=-6.36|fee=0.42|tox=3.94|inv=0.00|qpen=0.00|queue=0.00|status=edge_fail; p=61.00|edge=-7.36|fee=0.42|tox=3.94|inv=0.00|qpen=0.00|queue=0.00|status=edge_fail; p=62.00|edge=-8.35|fee=0.41|tox=3.94|inv=0.00|qpen=0.00|queue=0.00|status=edge_fail,p=33.00|edge=5.61|fee=0.39|tox=3.00|inv=0.00|qpen=0.00|queue=0.00|status=ok
80,5.59,,63.0,NO,5.59,2.796,72.0,63,ev_quote,,28,,3.78,0.0,,,22,negative_ev,5.59,72,0.41,3.0,0.0,0.0,0.0,63,ev_quote,28,72,11,24,35,65,76,8.0,66.0,0.0,8.0,1,533.0,699.0,9.023199825555555,expected_expiration_time,2026-04-02T14:00:00Z,KXTRUMPMENTIONB-26APR01-DEMO,https://kalshi.com/markets/kxtrumpmentionb,What will Donald Trump say during The White House Easter Egg Roll?,p=22.00|edge=1.92|fee=0.30|tox=3.78|inv=0.00|qpen=0.00|queue=0.00|status=edge_fail; p=23.00|edge=0.91|fee=0.31|tox=3.78|inv=0.00|qpen=0.00|queue=0.00|status=edge_fail; p=24.00|edge=-0.37|fee=0.32|tox=3.78|inv=0.00|qpen=0.27|queue=8.00|status=edge_fail; p=25.00|edge=-1.11|fee=0.33|tox=3.78|inv=0.00|qpen=0.00|queue=0.00|status=edge_fail; p=26.00|edge=-2.12|fee=0.34|tox=3.78|inv=0.00|qpen=0.00|queue=0.00|status=edge_fail; p=27.00|edge=-3.13|fee=0.34|tox=3.78|inv=0.00|qpen=0.00|queue=0.00|status=edge_fail,p=63.00|edge=5.59|fee=0.41|tox=3.00|inv=0.00|qpen=0.00|queue=0.00|status=ok
